SE,casos,p_rt1,p_inc100k,nivel,Rt,pop,tempmin,umidmax,receptivo,transmissao,nivel_inc,umidmed,umidmin,tempmed,tempmax,notif_accum_year
202452,0,0.0,0.0,1,0.0,25813,23.745,92.7509571428571,0,0,0,71.3083857142857,42.6169857142857,27.2872714285714,32.7641428571429,427
202451,0,0.0,0.0,1,0.0,25813,23.5138571428571,94.5493,0,0,0,75.1759142857143,49.4441142857143,26.9065428571429,31.7577857142857,427
202450,0,0.0,0.0,1,0.0,25813,23.3879571428571,91.9788714285714,0,0,0,75.3309142857143,51.1585142857143,26.3558714285714,30.9370142857143,427
202449,0,0.0,0.0,1,0.0,25813,23.1561142857143,93.3021285714286,0,0,0,75.8185714285714,51.4341142857143,26.1686857142857,30.7049857142857,427
202448,0,0.0,0.0,1,0.0,25813,23.4835714285714,90.8390142857143,0,0,0,68.3117142857143,37.5152857142857,27.2129714285714,32.9145142857143,427
202447,0,0.0,0.0,1,0.0,25813,23.5799,90.3260142857143,0,0,0,68.8275142857143,39.2900571428571,27.2108428571429,32.9499571428571,427
202446,1,0.8856027,3.874017,1,5.705533,25813,22.9333,89.1297285714286,1,0,0,67.2733,38.2163857142857,26.8627714285714,32.7474428571429,427
202445,0,0.0,0.0,1,0.0,25813,23.2230857142857,87.0928142857143,0,0,0,67.2069714285714,38.6365857142857,26.8140142857143,32.4078714285714,427
202444,0,0.0,0.0,1,0.0,25813,22.9852571428571,88.907,0,0,0,68.5267142857143,39.2805714285714,26.6693857142857,32.5638142857143,427
202443,0,0.0,0.0,1,0.0,25813,22.973,87.3853285714286,0,0,0,68.1181857142857,40.5061285714286,26.3041142857143,31.6502142857143,427
202442,2,0.761999,7.748034,1,2.0929685,25813,23.2743142857143,88.7889285714286,1,0,0,68.0997857142857,40.7041428571429,26.8223428571429,32.2874714285714,427
202441,3,0.90406066,11.622051,1,3.6502392,25813,22.7639857142857,90.3972714285714,1,0,0,68.6282,38.4403142857143,26.4930571428571,32.4441857142857,427
202440,0,0.0,0.0,1,0.0,25813,22.8723285714286,86.4446,0,0,0,66.3514285714286,36.7521857142857,26.7790285714286,33.0741285714286,427
202439,0,0.0,0.0,1,0.0,25813,22.5789,85.9956857142857,0,0,0,65.3616285714286,35.163,26.6203285714286,33.0613285714286,427
202438,2,0.21380332,7.748034,1,0.53348416,25813,22.0141428571429,83.2832428571429,0,0,0,61.8486571428571,29.5492571428571,26.6613428571429,33.6015571428571,427
202437,3,0.16038515,11.622051,1,0.5195741,25813,21.9745428571429,80.8014428571429,0,0,0,61.0925142857143,30.0694428571429,26.4396714285714,33.0480857142857,427
202436,3,0.029682778,11.622051,1,0.32658306,25813,21.1689428571429,84.6737142857143,0,0,0,61.9294428571429,31.6601,26.047,32.6055285714286,427
202435,5,0.04005201,19.370085,1,0.4199998,25813,21.3620714285714,83.2894428571429,0,0,1,60.8042714285714,29.9728714285714,26.2716714285714,32.9206857142857,427
202434,8,0.14689407,30.992136,1,0.63223594,25813,21.4362285714286,86.1628428571429,0,0,1,64.5413714285714,34.5734714285714,26.0373,32.1681714285714,427
202433,17,0.7298344,65.85829,1,1.2445983,25813,21.4741285714286,88.2202428571429,1,0,2,65.4941571428571,34.5971571428571,25.8956571428571,32.1115,427
202432,8,0.10194132,30.992136,1,0.5806066,25813,21.0539,85.2029714285714,0,0,1,63.4232285714286,34.3478571428571,25.8358571428571,31.7754142857143,427
202431,17,0.67015827,65.85829,4,1.1675806,25813,21.5699714285714,89.3615857142857,1,0,2,65.2416857142857,36.8461571428571,25.9171571428571,31.4541,427
202430,14,0.27653402,54.236237,1,0.810666,25813,20.5596142857143,84.4014857142857,0,0,2,62.6586,36.5984285714286,25.3510571428571,30.9887428571429,427
202429,10,0.07946315,38.74017,1,0.58183616,25813,20.9419428571429,85.2796571428571,0,0,2,64.0923571428571,37.4716,25.2946285714286,30.7483714285714,427
202428,21,0.90998495,81.354355,4,1.5812478,25813,21.4813428571429,94.1656571428571,1,0,2,75.3999428571428,49.8127857142857,24.9444857142857,29.5579428571429,427
202427,21,0.98153734,81.354355,4,2.158129,25813,21.5561571428571,94.3560142857143,1,1,2,76.0717142857143,50.1120571428571,25.0530428571429,29.2983,427
202426,11,0.8227527,42.614185,2,1.5362504,25813,21.3712571428571,97.1938571428571,1,0,2,80.2843,53.8564571428571,24.7954428571429,29.3990142857143,427
202425,9,0.90887505,34.866154,2,2.0752516,25813,21.3691857142857,94.9791142857143,1,0,1,80.8026285714286,60.7466571428571,24.4178,28.0295857142857,427
202424,9,0.97253984,34.866154,2,3.194063,25813,21.9135142857143,95.5700142857143,1,1,1,80.7483428571429,60.0586571428571,25.0704428571429,28.8614857142857,427
202423,3,0.4541471,11.622051,2,0.91752815,25813,22.4674285714286,95.9363571428571,1,0,0,83.4819571428571,66.0298285714286,25.2428571428571,28.4051428571429,427
202422,1,0.0528543,3.874017,2,0.23574701,25813,22.4839571428571,96.9856714285714,1,0,0,84.9395428571429,66.0768857142857,24.8464714285714,28.1317142857143,427
202421,4,0.32333368,15.496068,2,0.74959093,25813,22.9502571428571,96.1621857142857,1,0,0,81.7066142857143,60.4753714285714,25.6147142857143,29.2464142857143,427
202420,4,0.20452425,15.496068,2,0.6094388,25813,23.0036714285714,96.9257857142857,1,0,0,85.9164857142857,67.4478428571429,25.6482714285714,29.1436857142857,427
202419,5,0.2533878,19.370085,2,0.6909225,25813,23.1899428571429,96.9197857142857,1,0,1,80.3873857142857,57.2438571428571,26.3415142857143,30.3143714285714,427
202418,7,0.50704676,27.118118,2,1.0092256,25813,23.0039,97.6687857142857,1,0,1,84.8432714285714,68.0583142857143,25.6802285714286,28.8675,427
202417,8,0.7326218,30.992136,2,1.3862243,25813,22.9598857142857,97.8024285714286,1,0,1,84.8521857142857,65.5756428571429,25.6105,29.0564,427
202416,7,0.7386292,27.118118,2,1.4343812,25813,23.2869571428571,97.9360285714286,1,0,1,88.0064142857143,73.5321428571429,25.7967,29.1253142857143,427
202415,7,0.62113494,27.118118,2,1.1810241,25813,23.1844714285714,98.3774714285714,1,0,1,89.6275285714286,72.0788571428571,25.4279428571429,29.0397571428571,427
202414,2,0.035935085,7.748034,2,0.28725982,25813,22.8662,98.5234,1,0,0,87.9695,71.9277428571429,25.3802428571429,28.7198714285714,427
202413,6,0.4489541,23.244102,2,0.93204916,25813,23.0892714285714,97.5993571428571,1,0,1,89.1140428571429,76.8754,25.2086,28.0300428571429,427
202412,10,0.8857722,38.74017,2,1.8402289,25813,23.4361714285714,97.4412714285714,1,0,2,87.1732142857143,70.7583571428571,25.8687142857143,29.3595857142857,427
202411,4,0.5834334,15.496068,2,1.1572272,25813,23.7173857142857,97.1835857142857,1,0,0,88.1200857142857,74.0576857142857,25.9450571428571,29.4549428571429,427
202410,8,0.9879569,30.992136,1,4.872756,25813,23.2328142857143,96.5210857142857,1,1,1,86.9512285714286,71.3152857142857,25.4780285714286,28.6493428571429,427
202409,3,0.88173413,11.622051,1,3.125464,25813,22.9485428571429,97.6982714285714,1,0,0,88.4250428571429,74.5948857142857,25.2036285714286,28.3983,427
202408,0,0.0,0.0,1,0.0,25813,23.2521142857143,97.9665571428571,0,0,0,89.4828857142857,76.0156714285714,25.1636857142857,27.9846428571429,427
202407,2,0.9779825,7.748034,1,18.521618,25813,23.4284,95.8958428571429,1,0,0,83.9222285714286,67.6529,26.0731571428571,29.3810428571429,427
202406,0,0.0,0.0,1,0.0,25813,24.0728428571429,92.6498428571429,0,0,0,75.6152428571429,52.1931285714286,27.2690428571429,31.7395714285714,427
202405,0,0.0,0.0,1,0.0,25813,24.2604571428571,93.7516571428571,0,0,0,73.2628571428571,45.0535285714286,27.6882714285714,32.7071142857143,427
202404,0,0.0,0.0,1,0.0,25813,24.2969142857143,93.0165,0,0,0,76.4410714285714,57.0134857142857,27.2003,31.0314714285714,427
202403,0,0.0,0.0,1,0.0,25813,23.4800428571429,94.857,0,0,0,75.6240857142857,50.4892428571429,26.6701428571429,31.1783285714286,427
202402,0,0.0,0.0,1,0.0,25813,23.4763285714286,95.1125714285714,0,0,0,76.9347142857143,56.4585428571429,26.6742,30.6668857142857,427
202401,0,0.0,0.0,1,0.0,25813,23.4672428571429,95.6863285714286,0,0,0,81.0015857142857,60.9173428571429,26.3025714285714,30.4164,427
202352,0,0.0,0.0,1,0.0,25813,23.7526714285714,95.2110428571429,0,0,0,78.9347428571429,56.0620857142857,26.6882142857143,30.8873142857143,427
202351,0,0.0,0.0,1,0.0,25813,23.4243,94.7863857142857,0,0,0,80.2057428571429,59.5975285714286,26.1754428571429,30.1060714285714,427
202350,0,0.0,0.0,1,0.0,25813,24.0039142857143,87.4241,0,0,0,67.3911857142857,40.0953571428571,27.4384142857143,32.5928571428571,427
202349,0,0.0,0.0,1,0.0,25813,23.5841571428571,93.7210714285714,0,0,0,74.1421714285714,47.3687285714286,26.7430428571429,31.7196,427
202348,1,0.8145292,3.874017,1,3.3788157,25813,23.1762,92.6975857142857,1,0,0,75.9178571428571,52.7815571428571,25.9889714285714,30.3849428571429,427
202347,0,0.0,0.0,1,0.0,25813,23.9755714285714,89.5487714285714,0,0,0,69.5673571428571,43.3905,27.3221571428571,32.4252571428571,427
202346,0,0.0,0.0,1,0.0,25813,24.7061142857143,85.4048428571429,0,0,0,69.2431,46.0459428571429,28.0167714285714,33.0001,427
202345,1,0.9603134,3.874017,1,17.1166,25813,24.8306571428571,84.6631857142857,0,0,0,67.8538428571429,43.5637571428571,27.9067428571429,32.6782285714286,427
202344,0,0.0,0.0,1,0.0,25813,24.7205571428571,86.9244714285714,0,0,0,69.8476571428571,45.1779142857143,27.8303428571429,32.7002571428571,427
202343,0,0.0,0.0,1,0.0,25813,24.3015857142857,86.2460285714286,0,0,0,70.6046,45.6676142857143,27.3712,32.3944428571429,427
202342,0,0.0,0.0,1,0.0,25813,24.5723142857143,84.3079285714286,0,0,0,67.9051857142857,42.9970571428571,27.5376571428571,32.5016142857143,427
202341,0,0.0,0.0,1,0.0,25813,24.4957428571429,85.7698285714286,0,0,0,69.6733428571429,44.3120428571429,27.6862142857143,32.8355142857143,427
202340,1,0.9631786,3.874017,1,18.475819,25813,24.4012,84.6961285714286,0,0,0,67.6465285714286,41.5659857142857,27.6600142857143,32.9675857142857,427
202339,0,0.0,0.0,1,0.0,25813,23.8784428571429,87.5080285714286,0,0,0,69.5477,43.6770142857143,27.3411285714286,32.5453714285714,427
202338,0,0.0,0.0,1,0.0,25813,24.1666285714286,83.7662857142857,0,0,0,66.2039571428571,40.8984714285714,27.7870142857143,33.0364,427
202337,0,0.0,0.0,1,0.0,25813,23.6804,83.3033142857143,0,0,0,66.6167571428571,39.9023571428571,27.4765428571429,32.846,427
202336,0,0.0,0.0,1,0.0,25813,23.4938285714286,82.6666571428571,0,0,0,64.9170571428571,36.8622285714286,27.4310285714286,32.9048571428571,427
202335,0,0.0,0.0,1,0.0,25813,23.5874714285714,90.8816142857143,0,0,0,71.8808285714286,45.7918571428571,27.0800571428571,32.1316571428571,427
202334,1,0.730556,3.874017,1,2.207831,25813,23.2734571428571,89.1255857142857,1,0,0,72.1515857142857,47.1794714285714,26.8488142857143,31.8471,427
202333,0,0.0,0.0,1,0.0,25813,23.1744285714286,84.5856,0,0,0,64.9307142857143,40.8785714285714,27.1985857142857,32.4589285714286,427
202332,1,0.9632679,3.874017,1,18.521618,25813,23.2467571428571,86.8625428571429,0,0,0,68.5459714285714,41.9039857142857,27.1532571428571,32.3700142857143,427
202331,0,0.0,0.0,1,0.0,25813,23.1913142857143,88.8722,0,0,0,68.6221857142857,40.3434857142857,27.2051,32.8036,427
202330,0,0.0,0.0,1,0.0,25813,22.8547857142857,84.6768571428571,0,0,0,66.8065714285714,41.9353857142857,27.0702428571429,32.3968285714286,427
202329,0,0.0,0.0,1,0.0,25813,22.9010285714286,83.8417285714286,0,0,0,66.1967142857143,40.9571285714286,26.8475571428571,31.8010571428571,427
202328,0,0.0,0.0,1,0.0,25813,23.0005857142857,92.687,0,0,0,75.1582428571429,48.2693428571429,26.5216,31.4566,427
202327,0,0.0,0.0,1,0.0,25813,26.35,86.2808227,0,0,0,83.0783313,79.5610931,26.675,27.0,427
202326,0,0.0,0.0,1,0.0,25813,26.2105263157895,83.4131688421053,0,0,0,81.7296067368421,80.0558203157895,26.4999998947368,26.7368421052632,427
202325,0,0.0,0.0,1,0.0,25813,26.8421052631579,83.7576492105263,0,0,0,83.1661505789474,82.7415512105263,26.9122806315789,27.0526315789474,427
202324,0,0.0,0.0,1,0.0,25813,23.1730571428571,94.5682571428571,0,0,0,80.9034428571428,58.6774428571429,26.1614571428571,30.1371857142857,427
202323,1,0.92202973,3.874017,1,8.5386305,25813,23.6849857142857,94.7384142857143,1,0,0,81.2655142857143,59.0977857142857,26.5713428571429,30.7399142857143,427
202322,0,0.0,0.0,1,0.0,25813,27.4090909090909,84.7404584545455,0,0,0,83.4187548181818,82.4098184545455,27.4772727272727,27.5454545454545,427
202321,0,0.0,0.0,1,0.0,25813,25.5714285714286,91.8974085714286,0,0,0,82.9635585714286,72.0462855714286,27.5059522857143,29.5714285714286,427
202320,0,0.0,0.0,1,0.0,25813,26.76,88.68801024,0,0,0,82.12363944,74.66627164,27.94,29.12,427
202319,1,0.2875364,3.874017,1,0.55611676,25813,27.4,84.7532768,0,0,0,80.4507546,74.7840691,28.0,29.0,427
202318,2,0.49718073,7.748034,1,0.9936662,25813,27.1,86.5953904,0,0,0,85.6935366,85.5005954,27.2333332,27.3,427
202317,2,0.45943627,7.748034,2,0.91386986,25813,25.1428571428571,93.5346714285714,1,0,0,81.4073677142857,67.7129744285714,27.2559525714286,30.2857142857143,427
202316,1,0.36667982,3.874017,2,0.69089055,25813,25.2857142857143,94.2747964285714,1,0,0,82.1057221428571,66.4866514285714,27.7678571428571,30.5714285714286,427
202315,4,0.9572326,15.496068,1,5.115872,25813,24.4285714285714,95.0448171428571,1,0,0,84.8817374285714,69.1412817142857,26.7797617142857,30.1428571428571,427
202314,1,0.35213113,3.874017,1,0.66409206,25813,24.1428571428571,96.6925528571429,1,0,0,87.0079291428571,69.7779632857143,26.2976191428571,29.5714285714286,427
202313,0,0.0,0.0,1,0.0,25813,25.4583333333333,91.7764849166667,0,0,0,86.9498855,80.2670434166667,26.2881945,27.375,427
202312,0,0.0,0.0,1,0.0,25813,24.2307692307692,94.21723,0,0,0,81.7898036153846,67.3970634615385,26.8653849230769,29.8461538461538,427
202311,6,0.9975692,23.244102,1,18.521618,25813,26.1818181818182,89.9016550909091,1,1,1,88.4880111818182,87.0743696818182,26.3181818181818,26.4545454545455,427
202310,0,0.0,0.0,1,0.0,25813,27.7,82.33815965,0,0,0,81.3592934,80.3804283,27.85,28.0,427
202309,0,0.0,0.0,1,0.0,25813,26.9130434782609,85.0126223478261,0,0,0,83.7531966956522,82.5229054782609,27.0289853913043,27.2608695652174,427
202308,0,0.0,0.0,1,0.0,25813,25.2916666666667,91.3647552083333,0,0,0,82.8142120416667,71.8143407916667,27.0225694166667,29.375,427
202307,0,0.0,0.0,1,0.0,25813,27.2,84.4666862,0,0,0,83.6242122,82.7817414,27.2,27.2,427
202306,0,0.0,0.0,1,0.0,25813,27.5714285714286,80.2949991428571,0,0,0,79.9473411428571,79.5996832857143,27.5714285714286,27.5714285714286,427
202305,0,0.0,0.0,1,0.0,29146,26.5714285714286,84.5405547142857,0,0,0,80.2642725714286,75.7676025714286,27.4464285714286,28.2857142857143,427
202304,0,0.0,0.0,1,0.0,29146,26.7142857142857,83.075269,0,0,0,83.075269,83.075269,26.7142857142857,26.7142857142857,427
202303,0,0.0,0.0,1,0.0,29146,26.7142857142857,82.3323757142857,0,0,0,82.3323757142857,82.3323757142857,26.7142857142857,26.7142857142857,427
202302,0,0.0,0.0,1,0.0,29146,26.5714285714286,85.1289542857143,0,0,0,76.3165211428571,65.4517624285714,27.9583334285714,30.1428571428571,427
202301,0,0.0,0.0,1,0.0,29146,26.0,85.1160938571429,0,0,0,74.4659814285714,62.0516348571429,28.1190474285714,30.7142857142857,427
202252,0,0.0,0.0,1,0.0,29146,25.3333333333333,83.490202,0,0,0,75.6661633333333,68.9519556666667,26.8050506666667,28.0,427
202251,1,0.8095402,3.4310026,1,3.2805667,29146,25.5,81.173031,0,0,0,72.909875,58.690465,27.5625,30.5,427
202250,1,0.8938019,3.4310026,1,6.173872,29146,26.3333333333333,82.0990931666667,0,0,0,73.1809623333333,60.7857986666667,28.017045,30.3333333333333,427
202249,0,0.0,0.0,1,0.0,29146,25.7142857142857,85.8540868571429,0,0,0,73.16359,57.8666952857143,27.8820348571429,31.0,427
202248,0,0.0,0.0,1,0.0,29146,26.2857142857143,81.5147902857143,0,0,0,72.4192072857143,59.4643968571429,27.770238,30.2857142857143,427
202247,0,0.0,0.0,1,0.0,29146,26.1428571428571,81.5417505714286,0,0,0,72.6957478571429,60.5606511428571,27.700397,29.8571428571429,427
202246,2,0.9539088,6.862005,1,9.25501,29146,25.8571428571429,82.3532862857143,0,0,0,73.3746991428571,63.7348662857143,27.5571428571429,29.2857142857143,427
202245,0,0.0,0.0,1,0.0,29146,25.7142857142857,85.8298442857143,0,0,0,74.3288985714286,62.1810008571429,27.5487011428571,30.2857142857143,427
202244,0,0.0,0.0,1,0.0,29146,25.2857142857143,85.8723248571429,0,0,0,73.2638652857143,57.4400791428571,27.8417917142857,30.8571428571429,427
202243,0,0.0,0.0,1,0.0,29146,25.8571428571429,82.8818274285714,0,0,0,73.2093607142857,61.2658278571429,27.7103177142857,29.8571428571429,427
202242,2,0.80211145,6.862005,1,2.4773393,29146,25.4285714285714,83.7179377142857,0,0,0,71.4639482857143,54.146758,27.6604557142857,30.5714285714286,427
202241,0,0.0,0.0,1,0.0,29146,25.8571428571429,80.8942994285714,0,0,0,70.853955,52.618701,27.9583334285714,31.2857142857143,427
202240,1,0.52236325,3.4310026,1,1.0673786,29146,25.2857142857143,85.8972531428571,0,0,0,72.6827,56.107463,27.4350645714286,30.4285714285714,427
202239,1,0.6177504,3.4310026,1,1.4390478,29146,25.4285714285714,82.2562502857143,0,0,0,72.4194042857143,58.222506,27.2115388571429,29.8571428571429,427
202238,1,0.8145292,3.4310026,1,3.3788157,29146,25.4285714285714,84.2857822857143,0,0,0,74.8755998571429,61.2212342857143,27.0141774285714,29.4285714285714,427
202237,1,0.9632679,3.4310026,1,18.521618,29146,25.0,85.856362,0,0,0,75.6241244285714,64.4444011428571,26.6527777142857,28.5714285714286,427
202236,0,0.0,0.0,1,0.0,29146,24.5714285714286,80.8026988571429,0,0,0,65.8117125714286,44.8360584285714,27.345238,31.1428571428571,427
202235,0,0.0,0.0,1,0.0,29146,24.1428571428571,82.1782514285714,0,0,0,71.8595151428571,55.802585,26.5693725714286,29.4285714285714,427
202234,0,0.0,0.0,1,0.0,29146,24.0,84.2740011428571,0,0,0,71.6180652857143,50.9563738571429,26.7069598571429,30.1428571428571,427
202233,0,0.0,0.0,1,0.0,29146,23.2857142857143,82.7117668571429,0,0,0,70.1304648571429,50.9580555714286,26.3239011428571,29.5714285714286,427
202232,0,0.0,0.0,1,0.0,29146,24.2857142857143,87.246134,0,0,0,74.9370078571429,58.164465,26.9285714285714,30.0,427
202231,0,0.0,0.0,1,0.0,29146,24.0,90.3805802857143,0,0,0,80.18555,65.4887371428571,26.0837304285714,28.8571428571429,427
202230,0,0.0,0.0,1,0.0,29146,24.4285714285714,86.5652922857143,0,0,0,73.802012,54.6859028571429,26.9189775714286,30.2857142857143,427
202229,0,0.0,0.0,1,0.0,29146,24.1428571428571,90.3184265714286,0,0,0,76.401962,62.2905298571429,26.5103175714286,29.2857142857143,427
202228,1,0.7035906,3.4310026,1,1.9716403,29146,24.5714285714286,87.9260408571429,1,0,0,77.2674492857143,61.162032,26.5952382857143,29.2857142857143,427
202227,0,0.0,0.0,1,0.0,29146,22.8571428571429,93.41572,0,0,0,80.60768,65.0953854285714,25.5698054285714,28.5714285714286,427
202226,1,0.6776191,3.4310026,1,1.7810915,29146,24.4285714285714,93.4826185714286,1,0,0,78.6128784285714,60.8960234285714,26.8571428571429,30.1428571428571,427
202225,0,0.0,0.0,1,0.0,29146,24.0,92.5980342857143,0,0,0,80.5667957142857,66.0244368571429,26.1071431428571,28.7142857142857,427
202224,1,0.4739327,3.4310026,1,0.92829317,29146,24.5714285714286,88.0238194285714,1,0,0,76.6857224285714,61.453564,26.7678568571429,29.7142857142857,427
202223,0,0.0,0.0,1,0.0,29146,23.7142857142857,94.2327514285714,0,0,0,86.3264035714286,73.5189848571429,25.6736392857143,28.1428571428571,427
202222,2,0.41178048,6.862005,1,0.824374,29146,23.8571428571429,95.8567092857143,1,0,0,86.2912812857143,70.1319608571429,26.062925,29.1428571428571,427
202221,0,0.0,0.0,1,0.0,29146,23.4285714285714,96.6745242857143,0,0,0,84.0637298571429,65.6281137142857,26.1179651428571,29.8571428571429,427
202220,4,0.5588116,13.72401,2,1.1068745,29146,25.2857142857143,94.2269371428571,1,0,0,82.3192214285714,66.8579342857143,27.6428571428571,30.4285714285714,427
202219,2,0.23528433,6.862005,2,0.56124264,29146,24.1428571428571,95.0388292857143,1,0,0,86.003804,74.5844617142857,26.2358057142857,28.7142857142857,427
202218,4,0.7616468,13.72401,2,1.7118516,29146,24.7142857142857,91.940758,1,0,0,81.9068878571428,67.6607372857143,27.195346,29.8571428571429,427
202217,5,0.9495937,17.155012,1,3.8180878,29146,24.4285714285714,92.7144071428571,1,0,0,81.29799,65.4715802857143,27.2278142857143,30.4285714285714,427
202216,2,0.65351456,6.862005,1,1.4664896,29146,24.5714285714286,95.88652,1,0,0,84.2459612857143,71.2063958571429,27.1837474285714,30.0,427
202215,0,0.0,0.0,1,0.0,29146,25.1428571428571,94.2568328571429,0,0,0,81.9017677142857,67.1763677142857,27.5392857142857,30.4285714285714,427
202214,2,0.51212454,6.862005,2,1.0278955,29146,24.4285714285714,96.6985407142857,1,0,0,87.8782357142857,74.53404,26.3190474285714,29.0,427
202213,1,0.4924306,3.4310026,1,0.9784662,29146,23.5714285714286,99.1701442857143,1,0,0,88.2442544285714,73.6933582857143,26.0214171428571,28.8571428571429,427
202212,4,0.9924536,13.72401,1,18.149052,29146,24.1428571428571,96.686565,1,0,0,85.248446,70.9489978571429,26.693877,29.7142857142857,427
202211,0,0.0,0.0,1,0.0,29146,24.0,97.5164207142857,0,0,0,87.4729358571429,75.7044831428571,26.2566325714286,28.5714285714286,427
202210,0,0.0,0.0,1,0.0,29146,24.2857142857143,96.686565,0,0,0,82.9120492857143,69.1081985714286,26.940476,29.8571428571429,427
202209,0,0.0,0.0,1,0.0,29146,26.0,88.1099731428571,0,0,0,77.1288762857143,64.1643,28.1726194285714,30.7142857142857,427
202208,0,0.0,0.0,1,0.0,29146,25.7142857142857,89.6409652857143,0,0,0,76.8640301428571,63.1198384285714,28.1190477142857,30.7142857142857,427
202207,1,0.730556,3.4310026,1,2.207831,29146,25.2857142857143,91.3158715714286,1,0,0,76.1162858571429,64.1128785714286,27.9960317142857,30.2857142857143,427
202206,0,0.0,0.0,1,0.0,29146,26.5714285714286,81.7312088571429,0,0,0,74.2721975714286,63.0965094285714,28.2619048571429,30.5714285714286,427
202205,1,0.9632679,3.4310026,1,18.521618,29146,25.2857142857143,91.1421565714286,1,0,0,78.4306784285714,64.2628032857143,28.0178574285714,30.7142857142857,427
202204,0,0.0,0.0,1,0.0,29146,24.2857142857143,88.9429611428571,0,0,0,80.0923502857143,69.8361392857143,26.6170635714286,29.0,427
202203,0,0.0,0.0,1,0.0,29146,25.5714285714286,88.9226528571429,0,0,0,80.8500647142857,68.2217762857143,27.477241,29.8571428571429,427
202202,0,0.0,0.0,1,0.0,29146,25.1428571428571,90.4648331428571,0,0,0,77.9770842857143,62.5360528571429,27.5416668571429,30.4285714285714,427
202201,0,0.0,0.0,1,0.0,29146,25.0,91.9069408571429,0,0,0,80.3651507142857,67.0270498571429,27.3317805714286,29.8571428571429,427
202152,0,0.0,0.0,1,0.0,29146,26.4285714285714,87.4063068571429,0,0,0,77.3717134285714,65.1923567142857,28.3493791428571,30.5714285714286,427
202151,0,0.0,0.0,1,0.0,29146,27.0,81.6184385714286,0,0,0,71.8688857142857,58.4685042857143,28.8289337142857,31.5714285714286,427
202150,0,0.0,0.0,1,0.0,29146,26.8571428571429,83.1581538571429,0,0,0,70.8612062857143,58.4447698571429,29.0499482857143,31.8571428571429,427
202149,0,0.0,0.0,1,0.0,29146,26.2857142857143,85.9574225714286,0,0,0,72.8824901428572,57.5163881428571,28.7424948571429,31.8571428571429,427
202148,0,0.0,0.0,1,0.0,29146,26.8571428571429,82.3019571428571,0,0,0,72.2541341428571,57.0160092857143,28.97412,32.0,427
202147,0,0.0,0.0,1,0.0,29146,26.7142857142857,82.9615488571429,0,0,0,71.9569682857143,58.4156958571429,28.7884434285714,31.5714285714286,427
202146,0,0.0,0.0,1,0.0,29146,26.7142857142857,81.7113822857143,0,0,0,69.6920007142857,54.1964544285714,28.8069357142857,32.0,427
202145,0,0.0,0.0,1,0.0,29146,26.4285714285714,81.7812182857143,0,0,0,70.8869722857143,56.0058554285714,28.6407862857143,31.5714285714286,427
202144,0,0.0,0.0,1,0.0,29146,26.0,86.6150177142857,0,0,0,74.2117642857143,59.4237455714286,28.2093685714286,31.1428571428571,427
202143,0,0.0,0.0,1,0.0,29146,25.7142857142857,82.3228897142857,0,0,0,69.259558,52.7907497142857,28.338768,31.2857142857143,427
202142,0,0.0,0.0,1,0.0,29146,26.5714285714286,83.7234278571429,0,0,0,72.1072958571429,57.3986188571429,28.4940477142857,31.5714285714286,427
202141,0,0.0,0.0,1,0.0,29146,26.0,82.2724904285714,0,0,0,70.4792377142857,55.8745051428571,28.2173914285714,31.1428571428571,427
202140,0,0.0,0.0,1,0.0,29146,25.8571428571429,83.697982,0,0,0,72.5558585714286,58.0193015714286,28.095238,31.1428571428571,427
202139,0,0.0,0.0,1,0.0,29146,26.0,83.6762065714286,0,0,0,71.3335921428571,51.2865044285714,28.1666665714286,31.8571428571429,427
202138,0,0.0,0.0,1,0.0,29146,25.8571428571429,81.5619154285714,0,0,0,70.5195257142857,54.4347215714286,27.8690477142857,31.1428571428571,427
202137,0,0.0,0.0,1,0.0,29146,25.4285714285714,81.5305765714286,0,0,0,68.5991871428571,48.4985167142857,28.0701342857143,31.8571428571429,427
202136,0,0.0,0.0,1,0.0,29146,25.4285714285714,85.0849748571429,0,0,0,70.3256764285714,53.1146324285714,27.6990168571429,30.7142857142857,427
202135,0,0.0,0.0,1,0.0,29146,25.5714285714286,80.12763,0,0,0,68.5390651428571,50.0450222857143,27.8747411428571,31.2857142857143,427
202134,0,0.0,0.0,1,0.0,29146,25.0,80.8855177142857,0,0,0,69.2591542857143,51.615178,27.6526911428571,31.1428571428571,427
202133,0,0.0,0.0,1,0.0,29146,24.8571428571429,80.1115277142857,0,0,0,67.8211934285714,48.6227347142857,27.5905797142857,30.8571428571429,427
202132,0,0.0,0.0,1,0.0,29146,25.1428571428571,85.2033005714286,0,0,0,70.8023855714286,52.6860372857143,27.7305902857143,31.1428571428571,427
202131,0,0.0,0.0,1,0.0,29146,24.4285714285714,84.405942,0,0,0,67.5381291428571,44.8876325714286,27.7032985714286,31.8571428571429,427
202130,0,0.0,0.0,1,0.0,29146,24.5714285714286,86.457048,0,0,0,72.2577337142857,51.5276714285714,27.4192542857143,30.8571428571429,427
202129,0,0.0,0.0,1,0.0,29146,24.5714285714286,86.5519834285714,0,0,0,71.6208527142857,50.0618392857143,27.4270182857143,30.5714285714286,427
202128,0,0.0,0.0,1,0.0,29146,24.7142857142857,88.1193117142857,0,0,0,74.0630795714286,56.2636551428571,27.4684268571429,30.7142857142857,427
202127,0,0.0,0.0,1,0.0,29146,24.8571428571429,87.2963368571429,0,0,0,74.8174065714286,57.6615234285714,27.2282608571429,30.2857142857143,427
202126,0,0.0,0.0,1,0.0,29146,25.0,89.5562322857143,0,0,0,75.912823,54.3123661428571,27.2885377142857,30.7142857142857,427
202125,0,0.0,0.0,1,0.0,29146,25.0,85.7361308571429,0,0,0,72.5751,56.2608948571429,27.5465842857143,30.4285714285714,427
202124,0,0.0,0.0,1,0.0,29146,25.2857142857143,93.578693,0,0,0,80.4177544285714,64.0312094285714,27.2637162857143,29.7142857142857,427
202123,0,0.0,0.0,1,0.0,29146,25.2857142857143,88.8429074285714,0,0,0,76.5573941428571,60.8503667142857,27.6643774285714,30.7142857142857,427
202122,0,0.0,0.0,1,0.0,29146,25.0,88.062138,0,0,0,73.8479134285714,55.4920805714286,27.7242497142857,30.8571428571429,427
202121,0,0.0,0.0,1,0.0,29146,24.7142857142857,87.2521051428571,0,0,0,73.7002034285714,55.973911,27.8928568571429,31.1428571428571,427
202120,0,0.0,0.0,1,0.0,29146,25.1428571428571,91.9167142857143,0,0,0,78.9875415714286,63.0475821428571,27.5059522857143,30.2857142857143,427
202119,0,0.0,0.0,1,0.0,29146,24.0,95.8386157142857,0,0,0,84.3814028571429,68.674674,26.5357142857143,29.4285714285714,427
202118,0,0.0,0.0,1,0.0,29146,23.7142857142857,97.5164207142857,0,0,0,85.6279542857143,69.6911125714286,26.1547617142857,29.1428571428571,427
202117,0,0.0,0.0,1,0.0,29146,24.7142857142857,92.7083185714286,0,0,0,78.3224435714286,63.0793147142857,27.7505174285714,30.7142857142857,427
202116,1,0.029593311,3.4310026,2,0.19690524,29146,24.7142857142857,93.463495,1,0,0,83.0847401428571,69.2196618571429,26.9997167142857,29.8571428571429,427
202115,3,0.28029516,10.293008,2,0.66658866,29146,25.1428571428571,93.4447491428571,1,0,0,82.0400485714286,65.9661621428571,27.5767541428571,30.7142857142857,427
202114,7,0.9491966,24.017017,2,2.9840355,29146,25.8571428571429,88.9484194285714,1,0,1,75.0043657142857,58.9930575714286,28.6023808571429,32.0,427
202113,6,0.9790073,20.586016,1,5.1426945,29146,24.8571428571429,93.4746542857143,1,1,1,80.7540744285714,65.1020408571429,27.7257268571429,30.8571428571429,427
202112,1,0.3675977,3.4310026,1,0.6926165,29146,23.5714285714286,96.6623542857143,1,0,0,86.6171035714286,74.6044431428571,25.7415537142857,28.1428571428571,427
202111,0,0.0,0.0,1,0.0,29146,24.8571428571429,90.3549237142857,0,0,0,80.9446585714286,68.8306548571429,27.0327637142857,29.1428571428571,427
202110,2,0.6456261,6.862005,2,1.4343343,29146,25.2857142857143,88.9493972857143,1,0,0,80.3506921428571,70.4667002857143,27.5119048571429,29.7142857142857,427
202109,2,0.84426844,6.862005,1,3.0746524,29146,25.5714285714286,90.3109021428571,1,0,0,80.1226664285714,70.0745932857143,27.5221611428571,29.4285714285714,427
202108,2,0.9073209,6.862005,1,4.897454,29146,25.4285714285714,89.5675737142857,1,0,0,78.6291172857143,66.4832097142857,27.8530741428571,30.1428571428571,427
202107,0,0.0,0.0,1,0.0,29146,25.5714285714286,88.9029254285714,0,0,0,80.2768022857143,70.0592861428571,27.3300397142857,29.4285714285714,427
202106,0,0.0,0.0,1,0.0,29146,26.7142857142857,85.2248875714286,0,0,0,76.8858871428571,65.4602558571429,28.5000002857143,30.7142857142857,427
202105,1,0.6177504,3.4310026,1,1.4390478,29146,26.0,83.7027428571429,0,0,0,75.2607862857143,64.2077832857143,27.869824,30.2857142857143,427
202104,1,0.8145292,3.4310026,1,3.3788157,29146,26.0,88.0941845714286,1,0,0,78.7506565714286,65.7199437142857,27.7063492857143,30.0,427
202103,1,0.9632679,3.4310026,1,18.521618,29146,25.2857142857143,89.5675737142857,1,0,0,78.456925,66.4700267142857,27.3325334285714,29.8571428571429,427
202102,0,0.0,0.0,1,0.0,29146,26.4285714285714,82.2660772857143,0,0,0,73.1414255714286,58.3665465714286,28.1252068571429,31.0,427
202101,0,0.0,0.0,1,0.0,29146,26.5714285714286,84.6298292857143,0,0,0,74.5683437142857,60.8252875714286,28.3371211428571,31.0,427
202053,0,0.0,0.0,1,0.0,29146,27.0,83.676956,0,0,0,72.161975,53.9766265,28.565217,31.5,427
202052,0,0.0,0.0,1,0.0,29146,,83.7092055666667,0,0,0,,,,,427
202051,0,0.0,0.0,1,0.0,29146,,83.7414551333333,0,0,0,,,,,427
202050,0,0.0,0.0,1,0.0,29146,,83.7737047,0,0,0,,,,,427
202049,0,0.0,0.0,1,0.0,29146,,83.8059542666667,0,0,0,,,,,427
202048,0,0.0,0.0,1,0.0,29146,26.1666666666667,83.8382038333333,0,0,0,72.7590541666667,58.2593918333333,28.1449276666667,31.0,427
202047,0,0.0,0.0,1,0.0,29146,26.5714285714286,85.1289542857143,0,0,0,74.8971568571429,61.9671715714286,28.3217447142857,31.1428571428571,427
202046,0,0.0,0.0,1,0.0,29146,25.8571428571429,85.2254355714286,0,0,0,74.0881464285714,56.4480862857143,28.1332817142857,31.4285714285714,427
202045,1,0.9278851,3.4310026,1,9.260808,29146,26.4285714285714,86.6034011428571,0,0,0,74.6376985714286,60.3900897142857,28.1580524285714,31.0,427
202044,0,0.0,0.0,1,0.0,29146,26.0,82.9296602857143,0,0,0,73.0525657142857,57.9005812857143,27.9997411428571,31.1428571428571,427
202043,0,0.0,0.0,1,0.0,29146,25.7142857142857,86.6475418571429,0,0,0,74.138898,57.0808157142857,27.8470497142857,31.0,427
202042,0,0.0,0.0,1,0.0,29146,25.7142857142857,83.655334,0,0,0,71.7536211428571,55.3699808571429,27.8276397142857,31.1428571428571,427
202041,1,0.9250381,3.4310026,1,8.895589,29146,25.5714285714286,83.6009708571429,0,0,0,72.3586948571429,56.2640225714286,27.6920288571429,30.7142857142857,427
202040,0,0.0,0.0,1,0.0,29146,25.4285714285714,82.2245291428571,0,0,0,69.910616,49.9618948571429,27.652353,31.2857142857143,427
202039,0,0.0,0.0,1,0.0,29146,25.2857142857143,84.3470745714286,0,0,0,71.4728571428571,56.1041608571429,27.3216874285714,30.1428571428571,427
202038,0,0.0,0.0,1,0.0,29146,24.5714285714286,82.1404157142857,0,0,0,70.1810085714286,51.972187,27.21765,30.5714285714286,427
202037,1,0.6887573,3.4310026,1,1.8589696,29146,24.4285714285714,84.3114497142857,0,0,0,69.6530522857143,50.392795,27.3330748571429,31.1428571428571,427
202036,1,0.730556,3.4310026,1,2.207831,29146,24.2857142857143,82.864964,0,0,0,69.256835,49.6800337142857,27.2530481428571,30.7142857142857,427
202035,0,0.0,0.0,1,0.0,29146,24.5714285714286,85.0487494285714,0,0,0,71.519715,54.702031,27.0608177142857,30.0,427
202034,1,0.9632679,3.4310026,1,18.521618,29146,24.5714285714286,84.2417531428571,0,0,0,70.3536644285714,50.7447318571429,27.2349894285714,30.7142857142857,427
202033,0,0.0,0.0,1,0.0,29146,24.1428571428571,81.3896905714286,0,0,0,68.5901448571429,50.0781227142857,27.0313148571429,30.2857142857143,427
202032,0,0.0,0.0,1,0.0,29146,23.2857142857143,82.7802711428571,0,0,0,66.600461,44.5857278571429,26.8783645714286,31.2857142857143,427
202031,0,0.0,0.0,1,0.0,29146,23.5714285714286,79.9780325714286,0,0,0,66.5433028571429,48.7139904285714,26.8447202857143,30.4285714285714,427
202030,0,0.0,0.0,1,0.0,29146,23.7142857142857,85.8212525714286,0,0,0,69.7477744285714,50.3342498571429,26.917117,30.4285714285714,427
202029,0,0.0,0.0,1,0.0,29146,24.0,84.288414,0,0,0,70.596325,52.0041548571429,26.9565217142857,30.2857142857143,427
202028,0,0.0,0.0,1,0.0,29146,23.8571428571429,88.7457302857143,0,0,0,77.2885484285714,62.7120222857143,26.2134837142857,28.8571428571429,427
202027,0,0.0,0.0,1,0.0,29146,25.0,85.788016,0,0,0,74.1313557142857,56.6283315714286,27.133206,30.0,427
202026,0,0.0,0.0,1,0.0,29146,24.2857142857143,85.7207354285714,0,0,0,72.4030328571429,54.5505834285714,26.8116342857143,29.7142857142857,427
202025,1,0.6865159,3.4310026,1,1.8428597,29146,24.1428571428571,90.2813908571429,1,0,0,76.9440584285714,61.9303574285714,26.858884,29.8571428571429,427
202024,1,0.6992811,3.4310026,1,1.9377759,29146,24.1428571428571,91.8108014285714,1,0,0,80.8362777142857,66.4349541428571,26.2946428571429,29.0,427
202023,0,0.0,0.0,1,0.0,29146,24.8571428571429,90.326188,0,0,0,78.1014481428571,59.990658,27.3630954285714,30.8571428571429,427
202022,1,0.48469308,3.4310026,1,0.9570691,29146,24.8571428571429,89.5576822857143,1,0,0,76.2673428571429,59.8892222857143,27.8035714285714,31.0,427
202021,0,0.0,0.0,1,0.0,29146,24.7142857142857,92.6501521428571,0,0,0,80.1446165714286,61.3805272857143,27.4166665714286,31.0,427
202020,1,0.39616767,3.4310026,2,0.74860555,29146,24.7142857142857,90.3049551428571,1,0,0,79.1828251428571,63.197789,27.0916668571429,30.0,427
202019,2,0.8598159,6.862005,1,3.3788157,29146,25.2857142857143,88.73615,1,0,0,74.742315,56.9601151428571,28.1785714285714,31.7142857142857,427
202018,2,0.97798216,6.862005,1,18.521358,29146,24.4285714285714,92.6155457142857,1,0,0,80.5717865714286,63.3815905714286,27.2023808571429,30.5714285714286,427
202017,0,0.0,0.0,1,0.0,29146,24.2857142857143,93.4150014285714,0,0,0,82.53169,64.841107,26.779762,30.2857142857143,427
202016,0,0.0,0.0,1,0.0,29146,24.7142857142857,91.0928464285714,0,0,0,80.3588565714286,62.1213945714286,27.4345234285714,31.0,427
202015,0,0.0,0.0,1,0.0,29146,25.7142857142857,91.1879494285714,0,0,0,78.9544014285714,63.8336071428571,28.5357145714286,31.5714285714286,427
202014,0,0.0,0.0,1,0.0,29146,25.4285714285714,91.9086328571429,0,0,0,81.4924021428571,67.9016035714286,27.8273811428571,30.5714285714286,427
202013,0,0.0,0.0,1,0.0,29146,25.7142857142857,88.8200665714286,0,0,0,74.3693592857143,59.003325,28.6249997142857,31.7142857142857,427
202012,0,0.0,0.0,1,0.0,29146,25.1428571428571,91.0982,0,0,0,79.3096294285714,64.4315948571429,27.6704542857143,30.8571428571429,427
202011,1,0.44170484,3.4310026,2,0.84828764,29146,24.5714285714286,91.0928464285714,1,0,0,84.1875334285714,76.0979267142857,26.5000002857143,28.1428571428571,427
202010,3,0.96201503,10.293008,1,7.426779,29146,25.4285714285714,90.3273628571429,1,0,0,80.336565,67.2822325714286,27.5497834285714,30.0,427
202009,1,0.9632679,3.4310026,1,18.521618,29146,25.5714285714286,88.8755172857143,1,0,0,82.913632,75.5460208571428,27.1677488571429,28.7142857142857,427
202008,0,0.0,0.0,1,0.0,29146,24.8571428571429,90.2996257142857,0,0,0,85.6782,80.1834454285714,26.0649348571429,27.2857142857143,427
202007,0,0.0,0.0,1,0.0,29146,26.1428571428571,87.3645307142857,0,0,0,81.8140114285714,75.831264,26.9428571428571,27.5714285714286,427
202006,0,0.0,0.0,1,0.0,29146,24.8571428571429,91.0688171428571,0,0,0,82.8587435714286,72.5088541428571,26.6154762857143,28.5714285714286,427
202005,0,0.0,0.0,1,0.0,29146,24.8571428571429,91.0972014285714,0,0,0,79.0628127142857,63.8746062857143,27.5833334285714,30.2857142857143,427
202004,0,0.0,0.0,1,0.0,29146,27.2857142857143,80.2671802857143,0,0,0,70.985105,57.4438875714286,29.029762,31.7142857142857,427
202003,0,0.0,0.0,1,0.0,29146,25.8571428571429,86.5696111428571,0,0,0,76.1617985714286,63.0497965714286,28.1071431428571,30.7142857142857,427
202002,0,0.0,0.0,1,0.0,29146,25.8571428571429,86.6527782857143,0,0,0,76.5129394285714,64.6823847142857,27.7238097142857,29.8571428571429,427
202001,0,0.0,0.0,1,0.0,29146,25.6666666666667,87.2293603333333,0,0,0,78.2967196666667,68.5742188333333,27.3944443333333,29.1666666666667,427
201952,0,0.0,0.0,1,0.0,29146,27.0,76.9551738571429,0,0,0,73.9821612857143,70.5632217142857,27.4428571428571,28.0,427
201951,0,0.0,0.0,1,0.0,29146,26.4285714285714,80.1713834285714,0,0,0,74.8462812857143,70.4713337142857,27.3,27.8571428571429,427
201950,0,0.0,0.0,1,0.0,29146,26.5714285714286,78.9407677142857,0,0,0,74.3997465714286,71.1359208571429,27.2,27.5714285714286,427
201949,0,0.0,0.0,1,0.0,29146,26.4285714285714,78.1173622857143,0,0,0,75.9322564285714,73.4845985714286,26.9428571428571,27.2857142857143,427
201948,0,0.0,0.0,1,0.0,29146,26.5714285714286,80.1636974285714,0,0,0,77.7600048571429,74.2457142857143,27.0285714285714,27.5714285714286,427
201947,0,0.0,0.0,1,0.0,29146,26.1428571428571,79.5551131428571,0,0,0,76.1249691428571,72.9140737142857,26.9,27.2857142857143,427
201946,0,0.0,0.0,1,0.0,29146,26.0,78.7606345714286,0,0,0,74.85394,71.5980785714286,26.7285714285714,27.0,427
201945,0,0.0,0.0,1,0.0,29146,25.8571428571429,79.4441531428571,0,0,0,75.6306508571429,74.0658357142857,26.6428571428571,27.0,427
201944,0,0.0,0.0,1,0.0,29146,25.7142857142857,76.1178902857143,0,0,0,72.3448022857143,67.479576,26.4025974285714,27.2857142857143,427
201943,0,0.0,0.0,1,0.0,29146,25.7142857142857,80.1115694285714,0,0,0,76.2652302857143,69.3273471428571,26.3896102857143,27.4285714285714,427
201942,0,0.0,0.0,1,0.0,29146,25.4285714285714,80.9456451428571,0,0,0,75.4330621428571,69.855716,26.3636362857143,27.1428571428571,427
201941,0,0.0,0.0,1,0.0,29146,25.2857142857143,78.0855371428571,0,0,0,72.8850032857143,68.4300185714286,26.2077922857143,27.0,427
201940,0,0.0,0.0,1,0.0,29146,24.8571428571429,78.7320617142857,0,0,0,74.7745022857143,70.2446765714286,25.896104,26.7142857142857,427
201939,0,0.0,0.0,1,0.0,29146,25.5714285714286,79.3640031428571,0,0,0,74.3944857142857,69.6607142857143,26.1558442857143,26.8571428571429,427
201938,0,0.0,0.0,1,0.0,29146,25.1428571428571,79.3922097142857,0,0,0,74.5623177142857,70.89141,26.1428568571429,26.8571428571429,427
201937,0,0.0,0.0,1,0.0,29146,24.7142857142857,79.368024,0,0,0,74.0754547142857,68.9744028571429,26.0896105714286,27.0,427
201936,0,0.0,0.0,1,0.0,29146,25.1428571428571,80.8942828571429,0,0,0,74.9786577142857,69.7293978571429,26.12987,26.8571428571429,427
201935,0,0.0,0.0,1,0.0,29146,24.7142857142857,76.1035414285714,0,0,0,71.65144,66.5246385714286,26.0000002857143,26.7142857142857,427
201934,0,0.0,0.0,1,0.0,29146,24.1428571428571,78.028914,0,0,0,73.541842,68.357,25.7272725714286,26.7142857142857,427
201933,0,0.0,0.0,1,0.0,29146,24.2857142857143,80.7464288571429,0,0,0,76.0383414285714,71.9920878571429,25.7922077142857,26.7142857142857,427
201932,1,0.72831523,3.4310026,1,2.1864371,29146,23.2857142857143,80.194283,0,0,0,73.846807,67.7115678571429,25.1428568571429,26.2857142857143,427
201931,0,0.0,0.0,1,0.0,29146,24.4285714285714,83.4798608571429,0,0,0,77.8664314285714,72.0532207142857,25.8181817142857,27.0,427
201930,1,0.8145292,3.4310026,1,3.3788157,29146,23.5714285714286,85.7722814285714,0,0,0,78.7698105714286,73.5501858571429,25.103896,26.1428571428571,427
201929,0,0.0,0.0,1,0.0,29146,24.7142857142857,85.6973865714286,0,0,0,79.2423234285714,74.564742,25.9480522857143,26.8571428571429,427
201928,0,0.0,0.0,1,0.0,29146,24.4285714285714,84.9619802857143,0,0,0,78.5928091428571,72.8319571428571,25.8571428571429,27.0,427
201927,1,0.9632679,3.4310026,1,18.52161,29146,24.2857142857143,86.5154685714286,0,0,0,80.6301064285714,75.3924194285714,25.5454545714286,26.7142857142857,427
201926,0,0.0,0.0,1,0.0,29146,24.5714285714286,83.5202988571429,0,0,0,78.3933014285714,70.8795187142857,25.948052,27.0,427
201925,0,0.0,0.0,1,0.0,29146,24.1428571428571,88.900726,0,0,0,83.6120064285714,77.3024665714286,25.4935062857143,27.1428571428571,427
201924,0,0.0,0.0,1,0.0,29146,24.4285714285714,87.4455748571429,0,0,0,82.4755114285714,77.0020908571429,25.8593074285714,27.2857142857143,427
201923,0,0.0,0.0,1,0.0,29146,25.1428571428571,85.8428625714286,0,0,0,80.1411992857143,74.882325,26.7142854285714,27.8571428571429,427
201922,0,0.0,0.0,1,0.0,29146,25.2857142857143,88.7249257142857,0,0,0,82.7090534285714,75.5685558571429,26.4415582857143,27.7142857142857,427
201921,0,0.0,0.0,1,0.0,29146,25.0,91.142973,0,0,0,86.4307684285714,80.2696794285714,26.0389605714286,27.1428571428571,427
201920,0,0.0,0.0,1,0.0,29146,25.7142857142857,88.75895,0,0,0,84.2559085714286,80.9030314285714,26.7142857142857,27.5714285714286,427
201919,3,0.94217443,10.293008,1,5.348402,29146,25.4285714285714,88.837671,1,0,0,83.2660872857143,78.9565661428571,26.6233765714286,27.8571428571429,427
201918,0,0.0,0.0,1,0.0,29146,24.8571428571429,92.6621928571429,0,0,0,87.6260634285714,79.0354148571429,26.1323054285714,27.8571428571429,427
201917,1,0.9632669,3.4310026,1,18.521107,29146,24.8571428571429,94.2628207142857,1,0,0,87.754886,80.4971084285714,25.9267164285714,27.4285714285714,427
201916,0,0.0,0.0,1,0.0,29146,24.8571428571429,95.0866885714286,0,0,0,88.7475751428571,79.9326622857143,25.8766237142857,27.5714285714286,427
201915,0,0.0,0.0,1,0.0,29146,25.2857142857143,91.868855,0,0,0,84.3175451428571,76.3405052857143,26.5405845714286,27.8571428571429,427
201914,0,0.0,0.0,1,0.0,29146,24.4285714285714,93.4088835714286,0,0,0,88.9292605714286,83.0516362857143,25.5454545714286,26.7142857142857,427
201913,0,0.0,0.0,1,0.0,29146,24.1428571428571,95.8626971428571,0,0,0,91.4643008571429,82.3342392857143,25.3116885714286,26.7142857142857,427
201912,0,0.0,0.0,1,0.0,29146,24.5714285714286,95.0978478571429,0,0,0,89.6657664285714,78.3531917142857,25.7012988571429,26.8571428571429,427
201911,0,0.0,0.0,1,0.0,29146,24.4285714285714,95.8626971428571,0,0,0,91.5132008571429,85.8444838571429,25.2987011428571,26.2857142857143,427
201910,1,0.9632679,3.4310026,1,18.521618,29146,23.5714285714286,95.0268535714286,1,0,0,89.4032471428571,82.2898204285714,25.1298702857143,26.7142857142857,427
201909,0,0.0,0.0,1,0.0,29146,24.2857142857143,92.7645608571429,0,0,0,88.3497662857143,81.6179184285714,25.5194805714286,26.7142857142857,427
201908,0,0.0,0.0,1,0.0,29146,26.0,91.9146207142857,0,0,0,86.3973084285714,82.3688204285714,26.9480517142857,27.5714285714286,427
201907,0,0.0,0.0,1,0.0,29146,25.5714285714286,94.3561485714286,0,0,0,88.293488,83.8136111428571,26.9428571428571,28.1428571428571,427
201906,0,0.0,0.0,1,0.0,29146,25.5714285714286,95.93968,0,0,0,87.0050777142857,74.3841644285714,27.2446341428571,29.1428571428571,427
201905,0,0.0,0.0,1,0.0,29146,25.4285714285714,93.6654765714286,0,0,0,79.5143537142857,62.6068408571429,28.0773811428571,30.7142857142857,427
201904,0,0.0,0.0,1,0.0,29146,25.2857142857143,92.0247931428571,0,0,0,78.7605608571429,62.0197532857143,27.8392857142857,30.5714285714286,427
201903,0,0.0,0.0,1,0.0,29146,24.4285714285714,100.0,0,0,0,88.1783135714286,76.599186,26.5142857142857,28.2857142857143,427
201902,0,0.0,0.0,1,0.0,29146,25.4285714285714,91.9400314285714,0,0,0,86.2655357142857,80.2792105714286,26.5428571428571,27.4285714285714,427
201901,0,0.0,0.0,1,0.0,29146,26.4285714285714,87.3579152857143,0,0,0,81.7558828571429,78.2169311428571,27.1142857142857,27.5714285714286,427
201852,0,0.0,0.0,1,0.0,29146,24.7142857142857,89.6747637142857,0,0,0,81.9691814285714,72.7401298571429,26.2880951428571,28.4285714285714,427
201851,0,0.0,0.0,1,0.0,29146,25.4285714285714,88.0496217142857,0,0,0,75.3117978571428,59.932876,27.714286,30.1428571428571,427
201850,0,0.0,0.0,1,0.0,29146,25.4285714285714,87.4798615714286,0,0,0,74.7957387142857,58.9706897142857,27.9761902857143,30.8571428571429,427
201849,0,0.0,0.0,1,0.0,29146,26.2857142857143,100.768192285714,0,0,0,86.7295642857143,79.9783667142857,26.9523808571429,27.7142857142857,427
201848,0,0.0,0.0,1,0.0,29146,26.1428571428571,85.2899632857143,0,0,0,80.2075378571429,74.8889448571429,27.1142857142857,27.8571428571429,427
201847,0,0.0,0.0,1,0.0,29146,26.5714285714286,83.0040294285714,0,0,0,78.1022628571429,75.5183967142857,27.1428571428571,27.8571428571429,427
201846,0,0.0,0.0,1,0.0,29146,26.4285714285714,79.5003437142857,0,0,0,77.2017387142857,74.1717537142857,26.9142857142857,27.1428571428571,427
201845,0,0.0,0.0,1,0.0,29146,26.2857142857143,80.1477531428571,0,0,0,76.7884257142857,73.5084,26.9,27.1428571428571,427
201844,0,0.0,0.0,1,0.0,29146,26.1428571428571,81.5104534285714,0,0,0,77.974152,72.3891725714286,26.7792208571429,28.0,427
201843,0,0.0,0.0,1,0.0,29146,26.2857142857143,81.5106114285714,0,0,0,78.1360542857143,72.980304,26.792208,27.7142857142857,427
201842,0,0.0,0.0,1,0.0,29146,25.4285714285714,85.960054,0,0,0,74.2359354285714,59.2719064285714,27.400974,30.2857142857143,427
201841,0,0.0,0.0,1,0.0,29146,25.8571428571429,82.9470894285714,0,0,0,70.3565807142857,52.6046757142857,27.7976191428571,31.1428571428571,427
201840,0,0.0,0.0,1,0.0,29146,25.7142857142857,80.1747551428571,0,0,0,73.3105974285714,62.9915542857143,26.8436151428571,28.5714285714286,427
201839,0,0.0,0.0,1,0.0,29146,25.8571428571429,83.630608,0,0,0,79.9652822857143,74.2303002857143,26.1688314285714,27.0,427
201838,0,0.0,0.0,1,0.0,29146,24.7142857142857,83.6253545714286,0,0,0,78.2934764285714,72.7333235714286,25.8311685714286,26.8571428571429,427
201837,0,0.0,0.0,1,0.0,29146,24.7142857142857,79.3627337142857,0,0,0,75.7097314285714,70.3404347142857,25.7922077142857,26.2857142857143,427
201836,0,0.0,0.0,1,0.0,29146,24.4285714285714,83.607808,0,0,0,79.5728057142857,74.0643911428571,25.7012985714286,26.2857142857143,427
201835,0,0.0,0.0,1,0.0,29146,24.4285714285714,82.1402537142857,0,0,0,77.2358607142857,71.4295112857143,25.6753245714286,26.2857142857143,427
201834,0,0.0,0.0,1,0.0,29146,24.2857142857143,80.7507791428571,0,0,0,76.3708935714286,70.0787257142857,25.7402597142857,26.4285714285714,427
201833,0,0.0,0.0,1,0.0,29146,24.7142857142857,83.7381025714286,0,0,0,78.288488,71.3302734285714,26.1953462857143,27.5714285714286,427
201832,0,0.0,0.0,1,0.0,29146,24.8571428571429,88.062454,0,0,0,76.1118057142857,57.1699405714286,26.9761908571429,30.2857142857143,427
201831,0,0.0,0.0,1,0.0,29146,24.2857142857143,90.3381388571429,0,0,0,75.8115922857143,59.8326907142857,26.7075571428571,29.7142857142857,427
201830,0,0.0,0.0,1,0.0,29146,24.4285714285714,84.2947931428571,0,0,0,70.7304771428571,50.6250481428571,27.1547614285714,30.7142857142857,427
201829,0,0.0,0.0,1,0.0,29146,23.7142857142857,85.8112808571429,0,0,0,74.2868437142857,58.445134,26.3685065714286,29.0,427
201828,0,0.0,0.0,1,0.0,29146,24.0,93.561818,0,0,0,87.3222007142857,81.609103,25.2207791428571,26.1428571428571,427
201827,1,0.9632679,3.4310026,1,18.521618,29146,24.4285714285714,88.8144208571429,1,0,0,84.1048842857143,78.7534882857143,25.6753248571429,26.7142857142857,427
201826,0,0.0,0.0,1,0.0,29146,23.8571428571429,85.0513147142857,0,0,0,79.8933185714286,73.4158664285714,25.3636362857143,26.2857142857143,427
201825,0,0.0,0.0,1,0.0,29146,24.1428571428571,89.6052831428571,0,0,0,83.462812,76.6316054285714,25.7012985714286,26.7142857142857,427
201824,0,0.0,0.0,1,0.0,29146,24.0,87.8935585714286,0,0,0,81.4628328571429,76.6189142857143,25.7662337142857,26.8571428571429,427
201823,0,0.0,0.0,1,0.0,29146,24.7142857142857,95.1725165714286,0,0,0,88.1947314285714,82.9908617142857,25.6753245714286,26.2857142857143,427
201822,0,0.0,0.0,1,0.0,29146,25.0,91.8801964285714,0,0,0,84.3321628571429,78.8124435714286,26.3246754285714,27.1428571428571,427
201821,0,0.0,0.0,1,0.0,29146,25.0,95.1844922857143,0,0,0,85.9005971428571,75.3295241428571,26.5638525714286,28.1428571428571,427
201820,0,0.0,0.0,1,0.0,29146,24.7142857142857,95.1039007142857,0,0,0,80.423238,62.5542118571429,27.4761905714286,30.8571428571429,427
201819,0,0.0,0.0,1,0.0,29146,24.0,100.0,0,0,0,84.9604342857143,63.5103887142857,26.6369042857143,30.5714285714286,427
201818,0,0.0,0.0,1,0.0,29146,24.5714285714286,96.6925528571429,0,0,0,80.3195942857143,60.3924607142857,27.589286,31.0,427
201817,0,0.0,0.0,1,0.0,29146,24.8571428571429,95.0447528571429,0,0,0,80.0673528571429,61.4039262857143,27.6071434285714,30.8571428571429,427
201816,0,0.0,0.0,1,0.0,29146,24.2857142857143,95.89915,0,0,0,89.7401701428571,81.1453385714286,25.6829002857143,27.1428571428571,427
201815,0,0.0,0.0,1,0.0,29146,23.8571428571429,96.6745242857143,0,0,0,91.2326484285714,79.9817152857143,25.1298702857143,27.4285714285714,427
201814,0,0.0,0.0,1,0.0,29146,25.0,97.5283964285714,0,0,0,90.4110011428571,84.4722928571429,26.285714,27.2857142857143,427
201813,0,0.0,0.0,1,0.0,29146,24.7142857142857,99.1761321428571,0,0,0,92.2077085714286,85.4310167142857,25.7792208571429,27.1428571428571,427
201812,0,0.0,0.0,1,0.0,29146,26.2857142857143,89.7106371428571,0,0,0,81.8380835714286,76.980221,27.4025974285714,28.1428571428571,427
201811,0,0.0,0.0,1,0.0,29146,26.1428571428571,89.672488,0,0,0,83.2444165714286,77.6364787142857,27.3246751428571,28.0,427
201810,0,0.0,0.0,1,0.0,29146,25.5714285714286,93.601893,0,0,0,86.0311965714286,80.2392608571429,26.792208,27.7142857142857,427
201809,0,0.0,0.0,1,0.0,29146,24.7142857142857,95.9217807142857,0,0,0,84.8725531428571,72.7433462857143,26.7705628571429,28.8571428571429,427
201808,0,0.0,0.0,1,0.0,29146,24.1428571428571,99.1701442857143,0,0,0,92.5893557142857,85.509073,25.3344154285714,26.7142857142857,427
201807,0,0.0,0.0,1,0.0,29146,23.5714285714286,98.3342357142857,0,0,0,91.9360514285714,86.8275965714286,24.6714285714286,25.7142857142857,427
201806,0,0.0,0.0,1,0.0,29146,26.0,91.2651938571429,0,0,0,85.3767977142857,79.073289,27.0273808571429,28.0,427
201805,0,0.0,0.0,1,0.0,29146,25.8571428571429,88.8876154285714,0,0,0,81.1363922857143,74.4170294285714,26.9166665714286,28.2857142857143,427
201804,0,0.0,0.0,1,0.0,29146,25.8571428571429,87.3973801428571,0,0,0,82.006675,77.5011857142857,26.7571428571429,27.2857142857143,427
201803,1,0.9632679,3.4310026,1,18.521618,29146,25.2857142857143,85.3597227142857,0,0,0,77.4652044285714,72.5011234285714,26.9892857142857,28.1428571428571,427
201802,0,0.0,0.0,1,0.0,29146,24.7142857142857,83.6559997142857,0,0,0,78.941362,75.4115208571429,26.1428571428571,27.0,427
201801,0,0.0,0.0,1,0.0,29146,26.5714285714286,80.847216,0,0,0,78.6217005714286,75.487536,26.9714285714286,27.4285714285714,427
201752,0,0.0,0.0,1,0.0,29146,26.1428571428571,83.6556594285714,0,0,0,79.7594065714286,78.1409508571429,26.9142857142857,27.2857142857143,427
201751,0,0.0,0.0,1,0.0,29146,26.5714285714286,80.9569448571429,0,0,0,75.5832022857143,72.0107861428571,27.125,27.8571428571429,427
201750,0,0.0,0.0,1,0.0,29146,26.4285714285714,79.4441531428571,0,0,0,76.6859208571429,74.1717537142857,26.8857142857143,27.2857142857143,427
201749,0,0.0,0.0,1,0.0,29146,26.2857142857143,79.4642345714286,0,0,0,76.6269742857143,70.6252772857143,27.1680272857143,28.1428571428571,427
201748,0,0.0,0.0,1,0.0,29146,26.0,79.4912365714286,0,0,0,69.9981021428571,56.7432711428571,28.035714,31.0,427
201747,0,0.0,0.0,1,0.0,29146,25.7142857142857,82.2723525714286,0,0,0,70.18519,56.174585,27.7916665714286,30.7142857142857,427
201746,0,0.0,0.0,1,0.0,29146,25.5,81.158405,0,0,0,69.6615,56.8294385,27.541666,30.5,427
201745,0,0.0,0.0,1,0.0,29146,,81.0225645,0,0,0,,,,,427
201744,0,0.0,0.0,1,0.0,29146,,80.886724,0,0,0,,,,,427
201743,0,0.0,0.0,1,0.0,29146,,80.7508835,0,0,0,,,,,427
201742,0,0.0,0.0,1,0.0,29146,,80.615043,0,0,0,,,,,427
201741,0,0.0,0.0,1,0.0,29146,,80.4792025,0,0,0,,,,,427
201740,0,0.0,0.0,1,0.0,29146,,80.343362,0,0,0,,,,,427
201739,0,0.0,0.0,1,0.0,29146,,80.2075215,0,0,0,,,,,427
201738,0,0.0,0.0,1,0.0,29146,,80.071681,0,0,0,,,,,427
201737,0,0.0,0.0,1,0.0,29146,,79.9358405,0,0,0,,,,,427
201736,0,0.0,0.0,1,0.0,29146,23.8,79.8,0,0,0,71.870237,61.4,25.6099208,26.8,427
201735,0,0.0,0.0,1,0.0,29146,24.8571428571429,78.1428571428571,0,0,0,72.8472224285714,64.4285714285714,25.8869045714286,26.5714285714286,427
201734,0,0.0,0.0,1,0.0,29146,24.4285714285714,77.7142857142857,0,0,0,74.4345234285714,66.2857142857143,25.5416665714286,26.2857142857143,427
201733,0,0.0,0.0,1,0.0,29146,24.4285714285714,84.7142857142857,0,0,0,79.0535714285714,72.0,25.4285714285714,26.0,427
201732,0,0.0,0.0,1,0.0,29146,24.2857142857143,79.5714285714286,0,0,0,74.2876977142857,67.1428571428571,25.4880951428571,26.1428571428571,427
201731,0,0.0,0.0,1,0.0,29146,23.7142857142857,81.1428571428571,0,0,0,77.30754,70.7142857142857,25.0833334285714,26.1428571428571,427
201730,0,0.0,0.0,1,0.0,29146,23.5714285714286,84.7142857142857,0,0,0,80.7817457142857,74.5714285714286,24.5694447142857,25.8571428571429,427
201729,0,0.0,0.0,1,0.0,29146,23.8571428571429,87.1428571428571,0,0,0,81.8293657142857,76.1428571428571,24.6825398571429,25.5714285714286,427
201728,0,0.0,0.0,1,0.0,29146,24.0,81.0,0,0,0,75.2023805714286,68.5714285714286,25.1011905714286,26.1428571428571,427
201727,0,0.0,0.0,1,0.0,29146,23.8571428571429,85.8571428571429,0,0,0,81.2281742857143,75.7142857142857,24.7896827142857,26.1428571428571,427
201726,0,0.0,0.0,1,0.0,29146,24.8571428571429,86.5714285714286,0,0,0,81.4186514285714,76.2857142857143,25.7757935714286,26.2857142857143,427
201725,0,0.0,0.0,1,0.0,29146,24.7142857142857,86.4285714285714,0,0,0,81.9087314285714,75.4285714285714,25.644841,26.5714285714286,427
201724,0,0.0,0.0,1,0.0,29146,24.5714285714286,88.0,0,0,0,80.9919264285714,73.0,25.9857005714286,27.5714285714286,427
201723,0,0.0,0.0,1,0.0,29146,24.8571428571429,83.4285714285714,0,0,0,79.32738,72.0,26.0119048571429,27.7142857142857,427
201722,0,0.0,0.0,1,0.0,29146,24.7142857142857,92.4285714285714,0,0,0,89.2214285714286,85.0,25.3285714285714,25.8571428571429,427
201721,0,0.0,0.0,1,0.0,29146,25.5714285714286,86.7142857142857,0,0,0,83.0958057142857,78.4285714285714,26.2307254285714,27.0,427
201720,0,0.0,0.0,1,0.0,29146,25.7142857142857,89.7142857142857,0,0,0,83.2923404285714,76.8571428571429,26.8271564285714,27.8571428571429,427
201719,0,0.0,0.0,1,0.0,29146,25.5714285714286,92.0,0,0,0,87.0127557142857,81.4285714285714,26.5841835714286,27.5714285714286,427
201718,1,0.10018885,3.4310026,2,0.30127686,29146,24.8571428571429,94.1428571428571,1,0,0,86.9131771428571,80.0,26.278941,27.7142857142857,427
201717,2,0.13844213,6.862005,2,0.43781617,29146,25.2857142857143,94.4285714285714,1,0,0,89.3146822857143,83.2857142857143,26.4200677142857,27.2857142857143,427
201716,4,0.25142306,13.72401,2,0.66377205,29146,25.7142857142857,93.2857142857143,1,0,0,87.98441,82.1428571428571,26.7140024285714,27.8571428571429,427
201715,3,0.11214302,10.293008,2,0.45873582,29146,25.0,93.8571428571429,1,0,0,88.7435785714286,74.7142857142857,26.0103682857143,27.1428571428571,427
201714,8,0.74779546,27.44802,2,1.4239461,29146,25.2857142857143,93.4285714285714,1,0,1,87.4538872857143,79.8571428571429,26.2487684285714,27.4285714285714,427
201713,6,0.81737983,20.586016,2,1.7797366,29146,25.0,95.7142857142857,1,0,1,91.5809522857143,86.7142857142857,25.9214285714286,27.2857142857143,427
201712,8,0.9854947,27.44802,2,4.5127726,29146,24.7142857142857,94.2857142857143,1,1,1,90.5498314285714,85.0,25.6204101428571,26.5714285714286,427
201711,2,0.5653729,6.862005,2,1.1649731,29146,25.0,95.0,1,0,0,88.4002255714286,80.7142857142857,25.9613622857143,27.2857142857143,427
201710,1,0.26948357,3.4310026,2,0.5286164,29146,25.0,93.4285714285714,1,0,0,88.0236005714286,81.2857142857143,26.3071924285714,27.5714285714286,427
201709,1,0.49247628,3.4310026,1,0.97859436,29146,24.0,96.5714285714286,1,0,0,92.5039691428571,85.0,25.0170067142857,26.4285714285714,427
201708,4,0.9926397,13.72401,1,18.521618,29146,25.1428571428571,93.4285714285714,1,0,0,87.1720514285714,79.1428571428571,26.0566894285714,26.8571428571429,427
201707,0,0.0,0.0,1,0.0,29146,25.2857142857143,89.7142857142857,0,0,0,85.98593,80.0,25.8496542857143,26.8571428571429,427
201706,0,0.0,0.0,1,0.0,29146,25.7142857142857,88.2857142857143,0,0,0,82.4031251428571,76.5714285714286,26.9534854285714,27.7142857142857,427
201705,0,0.0,0.0,1,0.0,29146,26.1428571428571,85.4285714285714,0,0,0,80.9655171428571,75.8571428571429,26.7902887142857,27.5714285714286,427
201704,0,0.0,0.0,1,0.0,29146,25.5714285714286,89.0,0,0,0,81.9755437142857,73.7142857142857,26.7419951428571,27.8571428571429,427
201703,0,0.0,0.0,1,0.0,29146,25.1428571428571,88.8571428571429,0,0,0,82.8632648571429,75.2857142857143,26.3527211428571,27.2857142857143,427
201702,0,0.0,0.0,1,0.0,29146,25.0,88.7142857142857,0,0,0,83.3635685714286,77.0,25.9100528571429,26.5714285714286,427
201701,0,0.0,0.0,1,0.0,29146,26.2857142857143,86.7142857142857,0,0,0,79.1232991428571,68.8571428571429,27.1607144285714,28.1428571428571,427
201652,0,0.0,0.0,1,0.0,29146,26.0,83.8571428571429,0,0,0,76.3163257142857,65.8571428571429,27.260204,28.2857142857143,427
201651,0,0.0,0.0,1,0.0,29146,26.0,83.8571428571429,0,0,0,76.3877557142857,66.8571428571429,27.1496597142857,28.1428571428571,427
201650,0,0.0,0.0,1,0.0,29146,26.1428571428571,82.8571428571429,0,0,0,78.1148828571429,72.4285714285714,26.8628607142857,27.4285714285714,427
201649,0,0.0,0.0,1,0.0,29146,25.8571428571429,82.4285714285714,0,0,0,77.6403057142857,70.8571428571429,26.5510204285714,27.2857142857143,427
201648,0,0.0,0.0,1,0.0,29146,26.2857142857143,79.4285714285714,0,0,0,71.7661548571429,60.2857142857143,27.3928572857143,29.2857142857143,427
201647,0,0.0,0.0,1,0.0,29146,26.2857142857143,79.4285714285714,0,0,0,75.1632657142857,67.5714285714286,26.9336735714286,27.5714285714286,427
201646,0,0.0,0.0,1,0.0,29146,25.8571428571429,82.5714285714286,0,0,0,77.2245842857143,69.0,26.7191987142857,27.8571428571429,427
201645,0,0.0,0.0,1,0.0,29146,25.8571428571429,82.7142857142857,0,0,0,76.2508491428571,67.8571428571429,26.7257178571429,28.1428571428571,427
201644,0,0.0,0.0,1,0.0,29146,25.7142857142857,79.4285714285714,0,0,0,72.1709181428571,62.8571428571429,26.7091838571429,27.5714285714286,427
201643,0,0.0,0.0,1,0.0,29146,25.7142857142857,80.5714285714286,0,0,0,74.4742057142857,67.4285714285714,26.3591271428571,27.1428571428571,427
201642,0,0.0,0.0,1,0.0,29146,25.5714285714286,80.0,0,0,0,75.5,68.5714285714286,26.364796,27.5714285714286,427
201641,0,0.0,0.0,1,0.0,29146,25.5714285714286,75.0,0,0,0,70.6150792857143,62.8571428571429,26.405612,27.4285714285714,427
201640,0,0.0,0.0,1,0.0,29146,25.2857142857143,82.7142857142857,0,0,0,74.670918,63.1428571428571,26.5728454285714,28.7142857142857,427
201639,0,0.0,0.0,1,0.0,29146,25.5714285714286,79.0,0,0,0,73.2088907142857,64.7142857142857,26.3739678571429,27.8571428571429,427
201638,0,0.0,0.0,1,0.0,29146,25.4285714285714,80.8571428571429,0,0,0,75.6507935714286,69.4285714285714,26.1031742857143,27.0,427
201637,0,0.0,0.0,1,0.0,29146,25.0,83.4285714285714,0,0,0,77.6615648571429,70.4285714285714,25.8639454285714,26.7142857142857,427
201636,0,0.0,0.0,1,0.0,29146,25.0,76.2857142857143,0,0,0,72.1048757142857,63.8571428571429,25.7993195714286,26.4285714285714,427
201635,0,0.0,0.0,1,0.0,29146,24.8571428571429,79.7142857142857,0,0,0,70.7517014285714,57.7142857142857,26.496032,28.2857142857143,427
201634,0,0.0,0.0,1,0.0,29146,24.2857142857143,83.4285714285714,0,0,0,75.2567612857143,65.0,25.8271482857143,26.8571428571429,427
201633,0,0.0,0.0,1,0.0,29146,24.4285714285714,85.5714285714286,0,0,0,78.1793242857143,70.2857142857143,25.5665704285714,26.5714285714286,427
201632,0,0.0,0.0,1,0.0,29146,24.4285714285714,82.8571428571429,0,0,0,74.9846944285714,66.7142857142857,25.6156468571429,26.4285714285714,427
201631,0,0.0,0.0,1,0.0,29146,23.7142857142857,80.8571428571429,0,0,0,73.2303458571429,61.1428571428571,25.5510205714286,27.4285714285714,427
201630,1,0.9632679,3.4310026,1,18.521618,29146,23.8571428571429,81.4285714285714,0,0,0,72.712586,62.7142857142857,25.6184811428571,27.0,427
201629,0,0.0,0.0,1,0.0,29146,24.4285714285714,84.7142857142857,0,0,0,78.6947277142857,71.1428571428571,25.7318598571429,26.7142857142857,427
201628,0,0.0,0.0,1,0.0,29146,24.8571428571429,83.4285714285714,0,0,0,76.7287414285714,67.7142857142857,26.0119052857143,27.4285714285714,427
201627,0,0.0,0.0,1,0.0,29146,24.4285714285714,85.7142857142857,0,0,0,78.5454277142857,68.1428571428571,25.8440747142857,27.0,427
201626,0,0.0,0.0,1,0.0,29146,23.8571428571429,79.0,0,0,0,72.1836742857143,62.0,25.5768144285714,27.1428571428571,427
201625,0,0.0,0.0,1,0.0,29146,25.1428571428571,81.1428571428571,0,0,0,75.6774364285714,66.5714285714286,26.3914395714286,27.4285714285714,427
201624,0,0.0,0.0,1,0.0,29146,24.8571428571429,86.4285714285714,0,0,0,79.5223898571429,70.8571428571429,26.1746032857143,27.5714285714286,427
201623,0,0.0,0.0,1,0.0,29146,25.2857142857143,89.7142857142857,0,0,0,82.4392871428571,74.4285714285714,26.2605444285714,27.8571428571429,427
201622,0,0.0,0.0,1,0.0,29146,25.7142857142857,91.1428571428571,0,0,0,84.2312905714286,77.0,26.8287984285714,27.4285714285714,427
201621,0,0.0,0.0,1,0.0,29146,25.8571428571429,86.0,0,0,0,80.5229601428571,72.7142857142857,26.703515,27.5714285714286,427
201620,0,0.0,0.0,1,0.0,29146,25.5714285714286,88.8571428571429,0,0,0,82.00312,74.5714285714286,26.623583,27.8571428571429,427
201619,0,0.0,0.0,1,0.0,29146,25.4285714285714,92.7142857142857,0,0,0,87.3713664285714,79.5714285714286,26.4615334285714,27.7142857142857,427
201618,0,0.0,0.0,1,0.0,29146,25.7142857142857,90.4285714285714,0,0,0,83.2111672857143,74.8571428571429,26.6244334285714,27.5714285714286,427
201617,0,0.0,0.0,1,0.0,29146,25.7142857142857,89.0,0,0,0,82.5304672857143,74.8571428571429,26.9375315714286,28.0,427
201616,0,0.0,0.0,1,0.0,29146,25.1428571428571,88.0,0,0,0,80.1961677142857,68.8571428571429,26.755905,29.0,427
201615,2,0.9779825,6.862005,1,18.521618,29146,25.4285714285714,90.4285714285714,1,0,0,78.2551585714286,59.4285714285714,27.9434764285714,30.5714285714286,427
201614,0,0.0,0.0,1,0.0,29146,25.1428571428571,95.1428571428571,0,0,0,91.5896815714286,86.0,25.984127,26.8571428571429,427
201613,0,0.0,0.0,1,0.0,29146,24.8571428571429,97.0,0,0,0,91.6691192857143,77.2857142857143,25.7689957142857,27.1428571428571,427
201612,0,0.0,0.0,1,0.0,29146,25.8571428571429,91.1428571428571,0,0,0,84.1512041428571,77.0,27.1478045714286,28.4285714285714,427
201611,0,0.0,0.0,1,0.0,29146,25.2857142857143,92.8571428571429,0,0,0,84.7918972857143,75.2857142857143,26.7810247142857,28.7142857142857,427
201610,0,0.0,0.0,1,0.0,29146,26.2857142857143,88.2857142857143,0,0,0,81.8051448571429,74.4285714285714,27.4696225714286,28.5714285714286,427
201609,0,0.0,0.0,1,0.0,29146,26.1428571428571,88.1428571428571,0,0,0,81.3461842857143,72.7142857142857,27.4668365714286,28.7142857142857,427
201608,0,0.0,0.0,1,0.0,29146,26.1428571428571,89.7142857142857,0,0,0,84.2879814285714,77.2857142857143,26.8072561428571,27.7142857142857,427
201607,0,0.0,0.0,1,0.0,29146,26.0,87.4285714285714,0,0,0,82.896962,76.0,26.7620412857143,27.8571428571429,427
201606,0,0.0,0.0,1,0.0,29146,25.2857142857143,90.4285714285714,0,0,0,77.753365,59.7142857142857,27.6684112857143,30.1428571428571,427
201605,0,0.0,0.0,1,0.0,29146,24.5714285714286,93.4285714285714,0,0,0,81.8695362857143,65.2857142857143,26.6282981428571,29.2857142857143,427
201604,0,0.0,0.0,1,0.0,29146,25.1428571428571,90.5714285714286,0,0,0,80.77551,64.8571428571429,26.3852042857143,27.4285714285714,427
201603,0,0.0,0.0,1,0.0,29146,24.7142857142857,93.0,0,0,0,87.3680428571429,80.1428571428571,25.6679035714286,26.8571428571429,427
201602,0,0.0,0.0,1,0.0,29146,26.0,90.4285714285714,0,0,0,84.5086408571429,75.8571428571429,26.6768434285714,27.4285714285714,427
201601,0,0.0,0.0,1,0.0,29146,26.1428571428571,87.5714285714286,0,0,0,84.0807822857143,78.1428571428571,26.6785714285714,27.5714285714286,427
201552,0,0.0,0.0,1,0.0,29146,25.5714285714286,85.4285714285714,0,0,0,79.73082,72.2857142857143,26.505291,27.4285714285714,427
201551,0,0.0,0.0,1,0.0,29146,25.8571428571429,83.4285714285714,0,0,0,78.4409485714286,71.4285714285714,26.6037415714286,27.5714285714286,427
201550,0,0.0,0.0,1,0.0,29146,26.1428571428571,83.0,0,0,0,77.7448985714286,68.1428571428571,27.0918365714286,28.8571428571429,427
201549,0,0.0,0.0,1,0.0,29146,26.0,80.7142857142857,0,0,0,72.1454071428571,60.1428571428571,27.4311224285714,29.1428571428571,427
201548,0,0.0,0.0,1,0.0,29146,26.4285714285714,79.4285714285714,0,0,0,69.07861,52.2857142857143,28.1902874285714,31.0,427
201547,0,0.0,0.0,1,0.0,29146,25.8571428571429,82.4285714285714,0,0,0,71.6173485714286,54.5714285714286,27.8877554285714,31.0,427
201546,0,0.0,0.0,1,0.0,29146,25.4285714285714,82.7142857142857,0,0,0,70.4268251428571,54.4285714285714,27.666084,30.8571428571429,427
201545,0,0.0,0.0,1,0.0,29146,25.0,84.0,0,0,0,69.95408,52.1428571428571,27.2142857142857,30.0,427
201544,0,0.0,0.0,1,0.0,29146,25.125,79.875,0,0,0,65.956043,46.875,27.5192305,30.625,427
201543,0,0.0,0.0,1,0.0,29146,25.1428571428571,80.8571428571429,0,0,0,68.34146,50.4285714285714,27.2246788571429,30.0,427
201542,0,0.0,0.0,1,0.0,29146,25.2857142857143,80.1428571428571,0,0,0,68.6710142857143,49.1428571428571,27.2561412857143,30.1428571428571,427
201541,0,0.0,0.0,1,0.0,29146,24.8571428571429,82.8571428571429,0,0,0,66.3476938571429,45.4285714285714,27.510015,30.8571428571429,427
201540,0,0.0,0.0,1,0.0,29146,25.1428571428571,79.5714285714286,0,0,0,68.5050985714286,50.5714285714286,27.2142857142857,30.1428571428571,427
201539,0,0.0,0.0,1,0.0,29146,24.8571428571429,75.5714285714286,0,0,0,63.3061234285714,43.5714285714286,27.030612,30.1428571428571,427
201538,0,0.0,0.0,1,0.0,29146,24.8571428571429,74.4285714285714,0,0,0,64.479592,46.1428571428571,26.8367347142857,29.7142857142857,427
201537,0,0.0,0.0,1,0.0,29146,24.7142857142857,78.8571428571429,0,0,0,63.8573114285714,46.1428571428571,26.8366042857143,29.7142857142857,427
201536,0,0.0,0.0,1,0.0,29146,25.0,78.4285714285714,0,0,0,65.4451612857143,43.1428571428571,26.9814881428571,29.8571428571429,427
201535,0,0.0,0.0,1,0.0,29146,24.4285714285714,80.8571428571429,0,0,0,67.2317137142857,49.2857142857143,26.4652508571429,29.1428571428571,427
201534,0,0.0,0.0,1,0.0,29146,24.7142857142857,75.0,0,0,0,64.0153072857143,46.7142857142857,26.5714282857143,29.0,427
201533,0,0.0,0.0,1,0.0,29146,23.8571428571429,78.0,0,0,0,64.4377548571428,41.8571428571429,26.4377551428571,29.4285714285714,427
201532,0,0.0,0.0,1,0.0,29146,23.5714285714286,75.7142857142857,0,0,0,62.8928571428571,42.5714285714286,26.5459182857143,29.7142857142857,427
201531,2,0.97798187,6.862005,1,18.521103,29146,23.5714285714286,78.1428571428571,0,0,0,64.340958,42.8571428571429,26.5640397142857,29.2857142857143,427
201530,0,0.0,0.0,1,0.0,29146,22.8571428571429,87.1428571428571,0,0,0,67.0760032857143,48.2857142857143,26.1230061428571,29.2857142857143,427
201529,0,0.0,0.0,1,0.0,29146,24.2857142857143,81.1428571428571,0,0,0,68.3018385714286,50.7142857142857,26.5608161428571,29.2857142857143,427
201528,0,0.0,0.0,1,0.0,29146,23.1428571428571,87.4285714285714,0,0,0,68.67868,48.4285714285714,26.2279515714286,29.2857142857143,427
201527,0,0.0,0.0,1,0.0,29146,23.7142857142857,87.0,0,0,0,72.5922277142857,51.4285714285714,26.2320318571429,29.2857142857143,427
201526,0,0.0,0.0,1,0.0,29146,24.2857142857143,85.5714285714286,0,0,0,73.5831707142857,55.5714285714286,26.4011454285714,29.0,427
201525,0,0.0,0.0,1,0.0,29146,23.5714285714286,83.1428571428571,0,0,0,68.7421,47.2857142857143,26.4206715714286,29.4285714285714,427
201524,2,0.3017809,6.862005,1,0.6513435,29146,24.2857142857143,81.5714285714286,0,0,0,67.4016522857143,48.4285714285714,26.9111541428571,29.7142857142857,427
201523,3,0.73224515,10.293008,1,1.694178,29146,24.2857142857143,84.2857142857143,0,0,0,69.8010214285714,50.1428571428571,27.0051022857143,29.5714285714286,427
201522,5,0.98950833,17.155012,1,9.764492,29146,24.2857142857143,85.5714285714286,0,0,0,71.5166228571429,51.7142857142857,27.0021392857143,29.7142857142857,427
201521,1,0.9603134,3.4310026,1,17.1166,29146,25.0,85.8571428571429,0,0,0,72.9675422857143,55.2857142857143,27.4701854285714,30.0,427
201520,0,0.0,0.0,1,0.0,29146,25.2857142857143,82.1428571428571,0,0,0,68.6856085714286,49.7142857142857,27.8870508571429,30.5714285714286,427
201519,0,0.0,0.0,1,0.0,29146,24.8571428571429,83.1428571428571,0,0,0,67.0255114285714,48.0,27.7806121428571,30.2857142857143,427
201518,0,0.0,0.0,1,0.0,29146,24.8571428571429,85.5714285714286,0,0,0,72.0560507142857,52.4285714285714,27.4428251428571,30.2857142857143,427
201517,0,0.0,0.0,1,0.0,29146,25.0,88.1428571428571,0,0,0,73.58696,56.2857142857143,27.4649657142857,30.0,427
201516,1,0.9632679,3.4310026,1,18.521618,29146,24.7142857142857,87.1428571428571,1,0,0,76.8718562857143,60.8571428571429,26.5584925714286,29.4285714285714,427
201515,0,0.0,0.0,1,0.0,29146,24.4285714285714,90.2857142857143,0,0,0,76.8926265714286,57.1428571428571,26.7428831428571,29.2857142857143,427
201514,0,0.0,0.0,1,0.0,29146,24.4285714285714,89.4285714285714,0,0,0,74.5258978571429,55.1428571428571,27.155571,30.0,427
201513,0,0.0,0.0,1,0.0,29146,23.8571428571429,92.4285714285714,0,0,0,79.5495478571429,58.8571428571429,26.2551395714286,28.8571428571429,427
201512,0,0.0,0.0,1,0.0,29146,23.7142857142857,94.0,0,0,0,75.7199162857143,55.2857142857143,26.5058055714286,29.5714285714286,427
201511,0,0.0,0.0,1,0.0,29146,25.0,85.2857142857143,0,0,0,71.406538,53.1428571428571,27.4959185714286,30.1428571428571,427
201510,0,0.0,0.0,1,0.0,29146,24.2857142857143,90.4285714285714,0,0,0,78.38284,62.0,26.3865921428571,28.8571428571429,427
201509,0,0.0,0.0,1,0.0,29146,23.8571428571429,90.1428571428571,0,0,0,75.6435885714286,55.5714285714286,26.5930677142857,29.4285714285714,427
201508,0,0.0,0.0,1,0.0,29146,23.8571428571429,91.8571428571429,0,0,0,80.6850162857143,55.8571428571429,25.75046,28.1428571428571,427
201507,0,0.0,0.0,1,0.0,29146,25.0,84.4285714285714,0,0,0,72.7504057142857,57.0,27.0663008571429,29.2857142857143,427
201506,0,0.0,0.0,1,0.0,29146,26.2857142857143,75.8571428571429,0,0,0,63.7498098571429,43.7142857142857,28.3531747142857,31.1428571428571,427
201505,0,0.0,0.0,1,0.0,29146,26.0,79.1428571428571,0,0,0,67.7091842857143,48.7142857142857,27.9132652857143,31.0,427
201504,0,0.0,0.0,1,0.0,29146,25.4285714285714,77.0,0,0,0,63.9591832857143,44.5714285714286,27.5459184285714,30.2857142857143,427
201503,0,0.0,0.0,1,0.0,29146,25.7142857142857,77.5714285714286,0,0,0,66.2806132857143,50.1428571428571,27.5153064285714,30.0,427
201502,0,0.0,0.0,1,0.0,29146,25.5714285714286,78.0,0,0,0,65.6936494285714,45.2857142857143,27.5246031428571,30.2857142857143,427
201501,0,0.0,0.0,1,0.0,29146,25.2857142857143,78.4285714285714,0,0,0,67.9476581428571,49.5714285714286,27.0319351428571,29.0,427
201453,0,0.0,0.0,1,0.0,29146,24.8571428571429,81.2857142857143,0,0,0,69.1279314285714,50.7142857142857,26.8700254285714,29.2857142857143,427
201452,0,0.0,0.0,1,0.0,29146,26.0,72.8571428571429,0,0,0,63.0408165714286,45.2857142857143,27.632653,30.1428571428571,427
201451,0,0.0,0.0,1,0.0,29146,25.4285714285714,77.0,0,0,0,64.2077765714286,46.0,27.447572,30.0,427
201450,0,0.0,0.0,1,0.0,29146,25.5714285714286,76.4285714285714,0,0,0,64.5564752857143,47.7142857142857,27.5589374285714,30.5714285714286,427
201449,0,0.0,0.0,1,0.0,29146,25.4285714285714,77.2857142857143,0,0,0,65.6341328571429,46.0,27.3459677142857,30.2857142857143,427
201448,0,0.0,0.0,1,0.0,29146,24.8571428571429,80.4285714285714,0,0,0,65.0729418571429,46.4285714285714,27.218719,30.1428571428571,427
201447,0,0.0,0.0,1,0.0,29146,25.1428571428571,79.5714285714286,0,0,0,65.9693881428571,47.2857142857143,27.2493417142857,30.0,427
201446,0,0.0,0.0,1,0.0,29146,25.4285714285714,74.5714285714286,0,0,0,64.403062,46.2857142857143,27.2602042857143,29.8571428571429,427
201445,0,0.0,0.0,1,0.0,29146,25.0,77.1428571428571,0,0,0,63.6275514285714,47.0,27.0816325714286,29.7142857142857,427
201444,0,0.0,0.0,1,0.0,29146,25.2857142857143,74.4285714285714,0,0,0,62.3212521428571,42.1428571428571,27.2454257142857,30.2857142857143,427
201443,0,0.0,0.0,1,0.0,29146,25.1428571428571,75.7142857142857,0,0,0,62.2636214285714,42.5714285714286,27.1776432857143,29.8571428571429,427
201442,0,0.0,0.0,1,0.0,29146,25.1428571428571,72.7142857142857,0,0,0,60.0459175714286,40.4285714285714,27.4368858571429,30.4285714285714,427
201441,0,0.0,0.0,1,0.0,29146,25.0,74.1428571428571,0,0,0,60.4032371428571,36.5714285714286,27.5168892857143,30.8571428571429,427
201440,0,0.0,0.0,1,0.0,29146,25.0,78.4285714285714,0,0,0,65.6164018571429,45.5714285714286,27.0876791428571,29.5714285714286,427
201439,0,0.0,0.0,1,0.0,29146,25.0,75.5714285714286,0,0,0,64.0316684285714,46.4285714285714,27.0749468571429,30.1428571428571,427
201438,0,0.0,0.0,1,0.0,29146,24.2857142857143,79.0,0,0,0,64.2429047142857,39.4285714285714,26.759696,30.0,427
201437,0,0.0,0.0,1,0.0,29146,24.2857142857143,77.8571428571429,0,0,0,63.3990681428571,42.2857142857143,26.9378957142857,30.2857142857143,427
201436,0,0.0,0.0,1,0.0,29146,24.8571428571429,78.0,0,0,0,63.9897967142857,43.5714285714286,26.7755101428571,29.7142857142857,427
201435,0,0.0,0.0,1,0.0,29146,24.0,78.4285714285714,0,0,0,64.3582447142857,44.4285714285714,26.5693877142857,29.5714285714286,427
201434,0,0.0,0.0,1,0.0,29146,23.4285714285714,75.7142857142857,0,0,0,59.954081,36.2857142857143,26.6122447142857,29.8571428571429,427
201433,0,0.0,0.0,1,0.0,29146,23.5714285714286,75.5714285714286,0,0,0,60.012094,35.0,26.815098,30.4285714285714,427
201432,0,0.0,0.0,1,0.0,29146,24.2857142857143,78.5714285714286,0,0,0,63.4737857142857,42.4285714285714,26.794335,29.7142857142857,427
201431,1,0.9632679,3.4310026,1,18.521618,29146,23.8571428571429,79.5714285714286,0,0,0,64.8489711428571,44.7142857142857,26.5653914285714,29.7142857142857,427
201430,0,0.0,0.0,1,0.0,29146,23.2857142857143,82.4285714285714,0,0,0,66.7817181428571,44.7142857142857,26.3634791428571,29.8571428571429,427
201429,0,0.0,0.0,1,0.0,29146,23.5714285714286,82.0,0,0,0,65.8911557142857,45.5714285714286,26.6095235714286,29.8571428571429,427
201428,0,0.0,0.0,1,0.0,29146,24.0,80.5714285714286,0,0,0,66.8800134285714,45.7142857142857,26.6465518571429,29.7142857142857,427
201427,0,0.0,0.0,1,0.0,29146,24.0,85.5714285714286,0,0,0,68.5368662857143,46.7142857142857,26.6341341428571,29.5714285714286,427
201426,0,0.0,0.0,1,0.0,29146,24.0,85.7142857142857,0,0,0,68.5510195714286,46.4285714285714,26.9380955714286,30.1428571428571,427
201425,0,0.0,0.0,1,0.0,29146,25.1428571428571,80.4285714285714,0,0,0,67.84883,45.8571428571429,27.0377931428571,29.7142857142857,427
201424,0,0.0,0.0,1,0.0,29146,24.7142857142857,85.7142857142857,0,0,0,66.8946555714286,44.5714285714286,27.3831094285714,30.4285714285714,427
201423,0,0.0,0.0,1,0.0,29146,24.7142857142857,87.2857142857143,0,0,0,69.83163,48.5714285714286,27.2602042857143,30.0,427
201422,0,0.0,0.0,1,0.0,29146,24.5714285714286,88.1428571428571,0,0,0,72.4524985714286,53.0,27.0336031428571,29.8571428571429,427
201421,1,0.39616767,3.4310026,2,0.74860555,29146,25.0,89.7142857142857,1,0,0,75.4757214285714,57.1428571428571,27.1789234285714,29.7142857142857,427
201420,2,0.8598159,6.862005,1,3.3788157,29146,24.0,91.8571428571429,1,0,0,79.9188357142857,60.1428571428571,26.1966411428571,28.8571428571429,427
201419,2,0.9779825,6.862005,1,18.521618,29146,24.4285714285714,88.8571428571429,1,0,0,73.679412,53.4285714285714,27.1684607142857,29.7142857142857,427
201418,0,0.5,0.0,1,0.0,29146,24.2857142857143,90.4285714285714,0,0,0,76.4520448571429,58.1428571428571,27.0119115714286,29.7142857142857,427
201417,0,0.0,0.0,1,0.0,29146,25.4285714285714,86.7142857142857,0,0,0,71.2317178571429,52.0,27.9626824285714,30.5714285714286,427
201416,0,0.0,0.0,1,0.0,29146,24.0,89.4285714285714,0,0,0,75.9752297142857,59.5714285714286,26.7425522857143,29.4285714285714,427
201415,0,0.0,0.0,1,0.0,29146,24.4285714285714,91.1428571428571,0,0,0,77.1413357142857,53.7142857142857,26.821409,29.7142857142857,427
201414,0,0.0,0.0,1,0.0,29146,24.0,92.5714285714286,0,0,0,80.1141585714286,64.0,26.2975052857143,28.7142857142857,427
201413,0,0.0,0.0,1,0.0,29146,25.4285714285714,82.8571428571429,0,0,0,68.2704085714286,50.2857142857143,27.8520411428571,30.7142857142857,427
201412,0,0.0,0.0,1,0.0,29146,24.5714285714286,89.5714285714286,0,0,0,74.7766894285714,57.8571428571429,27.1852331428571,29.8571428571429,427
201411,0,0.0,0.0,1,0.0,29146,24.8571428571429,86.4285714285714,0,0,0,72.3194944285714,53.5714285714286,27.0207597142857,29.5714285714286,427
201410,0,0.0,0.0,1,0.0,29146,25.2857142857143,81.8571428571429,0,0,0,68.0093257142857,50.2857142857143,27.617523,29.8571428571429,427
201409,0,0.0,0.0,1,0.0,29146,25.1428571428571,82.5714285714286,0,0,0,67.5765314285714,48.4285714285714,27.4795915714286,30.1428571428571,427
201408,0,0.0,0.0,1,0.0,29146,24.0,87.0,0,0,0,73.7853628571429,57.0,26.753036,29.2857142857143,427
201407,0,0.0,0.0,1,0.0,29146,25.2857142857143,81.2857142857143,0,0,0,71.4057478571429,55.8571428571429,27.400142,30.0,427
201406,0,0.0,0.0,1,0.0,29146,24.1428571428571,87.1428571428571,0,0,0,70.9686242857143,53.7142857142857,26.885119,29.5714285714286,427
201405,0,0.0,0.0,1,0.0,29146,25.0,83.5714285714286,0,0,0,68.0135785714286,47.0,27.5087034285714,30.2857142857143,427
201404,0,0.0,0.0,1,0.0,29146,26.0,75.1428571428571,0,0,0,64.3469384285714,47.1428571428571,27.7653062857143,30.4285714285714,427
201403,0,0.0,0.0,1,0.0,29146,25.5714285714286,82.0,0,0,0,69.0025707142857,50.7142857142857,27.609562,30.1428571428571,427
201402,0,0.0,0.0,1,0.0,29146,25.7142857142857,77.1428571428571,0,0,0,65.7980927142857,47.7142857142857,27.4227254285714,30.0,427
201401,0,0.0,0.0,1,0.0,29146,25.7142857142857,76.7142857142857,0,0,0,64.2741022857143,46.1428571428571,27.468508,30.2857142857143,427
